	Estimate	p-value
ESRP1	0.7882139373365926	0.0
(Intercept)	-6.704881251588517	0.0
