{"train": {"cor": 0.32974931893740167, "r2": 0, "mann-w": 1.6418139506116527e-78, "uplift": 8.110632224484634, "mds": 0, "mean_pred": 0.5123197387343662, "mean_true": 0.05623317088330243}, "validation": {"cor": 0.42708261168654055, "r2": 0, "mann-w": 4.4422267062441055e-28, "uplift": 6.477848823958293, "mds": 0, "mean_pred": 0.5124495352548468, "mean_true": 0.06852900443948651}, "train.accumulative": {"cor": 0.30038398912947406, "r2": 0, "mann-w": 2.2685733454886604e-78, "uplift": 8.102783428083137, "mds": 0, "mean_pred": 0.5118783760250926, "mean_true": 0.05623317088330243}, "validation.accumulative": {"cor": 0.37997912097526393, "r2": 0, "mann-w": 4.4422267062441055e-28, "uplift": 6.472059879439167, "mds": 0, "mean_pred": 0.5120528246501956, "mean_true": 0.06852900443948651}}