{"train": {"cor": 0.528687271707468, "r2": 0, "mann-w": 2.6363530461003644e-105, "uplift": 8475.662067042222, "mds": 0, "mean_pred": 0.5000980570522502, "mean_true": 5.899705014744683e-05}, "validation": {"cor": 0.49300967882760444, "r2": 0, "mann-w": 3.531739995308463e-36, "uplift": 8475.739378399669, "mds": 0, "mean_pred": 0.5001026181942825, "mean_true": 5.899705014744683e-05}, "train.accumulative": {"cor": 0.528687271707468, "r2": 0, "mann-w": 2.6363530461003644e-105, "uplift": 8475.662067042222, "mds": 0, "mean_pred": 0.5000980570522502, "mean_true": 5.899705014744683e-05}, "validation.accumulative": {"cor": 0.49300967882760444, "r2": 0, "mann-w": 3.531739995308463e-36, "uplift": 8475.739378399669, "mds": 0, "mean_pred": 0.5001026181942825, "mean_true": 5.899705014744683e-05}}