{"train": {"cor": 0.5771241905478048, "r2": 0, "mann-w": 7.664903238700376e-105, "uplift": -0.2689176701340741, "mds": 0.7310823298659259, "mean_pred": 0.7310391981650489, "mean_true": 0.9999410029498526}, "validation": {"cor": 0.5057658444436899, "r2": 0, "mann-w": 1.7650878894932723e-35, "uplift": -0.2689192111574088, "mds": 0.7310807888425912, "mean_pred": 0.73103765723263, "mean_true": 0.9999410029498526}}