{"train": {"cor": 0.7029841751253673, "r2": 0, "mann-w": 4.780538888045822e-15, "uplift": -0.11220790426022219, "mds": 0.8877920957397778, "mean_pred": 0.6827007879969219, "mean_true": 0.7689872339176913}, "validation": {"cor": 0.20407560199584376, "r2": 0, "mann-w": 7.639587703968052e-05, "uplift": -0.0838058400749514, "mds": 0.9161941599250486, "mean_pred": 0.6870273678333859, "mean_true": 0.7498709311676793}}