{"train": {"cor": 0.8726024571502099, "r2": 0, "mann-w": 1.1801222631681398e-07, "uplift": -0.2689147546818106, "mds": 0.7310852453181894, "mean_pred": 0.7310421134453093, "mean_true": 0.9999410029498526}, "validation": {"cor": 0.9895780978057133, "r2": 0, "mann-w": 0.0020894529303756345, "uplift": -0.2689020590546362, "mds": 0.7310979409453637, "mean_pred": 0.7310548083234791, "mean_true": 0.9999410029498526}}