{"train": {"cor": 0.7452405209071267, "r2": 0, "mann-w": 1.65337188641107e-05, "uplift": 0.8738026096481101, "mds": 0.12619739035188993, "mean_pred": 0.5941210656321234, "mean_true": 0.3170670499512732}, "validation": {"cor": 0.09727084631414001, "r2": 0, "mann-w": 0.015113127491018036, "uplift": 0.8309693653683276, "mds": 0.16903063463167245, "mean_pred": 0.5466874463693601, "mean_true": 0.29857815030093937}}