{"train": {"cor": NaN, "r2": 0, "mann-w": 4.1450181048877656e-12, "uplift": -0.26890988889225365, "mds": 0.7310901111077464, "mean_pred": 0.731046978947799, "mean_true": 0.9999410029498526}, "validation": {"cor": NaN, "r2": 0, "mann-w": 7.978562808195947e-05, "uplift": -0.26654828819365317, "mds": 0.7334517118063468, "mean_pred": 0.731046978947799, "mean_true": 0.9967213480862627}}