{"train": {"cor": NaN, "r2": 0, "mann-w": 2.8508083010644643e-24, "uplift": 476.5712071508537, "mds": 0, "mean_pred": 0.5002612374668358, "mean_true": 0.0010475113029768876}, "validation": {"cor": NaN, "r2": 0, "mann-w": 4.003272516972358e-09, "uplift": 448.2234298913829, "mds": 0, "mean_pred": 0.5002612374668358, "mean_true": 0.001113613414126225}, "train.accumulative": {"cor": 0.14584243076251252, "r2": 0, "mann-w": 1.7782854874923613e-21, "uplift": 476.5711687067794, "mds": 0, "mean_pred": 0.5002611971962335, "mean_true": 0.0010475113029768876}, "validation.accumulative": {"cor": 0.385064446768087, "r2": 0, "mann-w": 3.397807564086679e-08, "uplift": 448.2233892645817, "mds": 0, "mean_pred": 0.500261192224285, "mean_true": 0.001113613414126225}}