{"train": {"cor": NaN, "r2": 0, "mann-w": 2.1115777856557453e-77, "uplift": -0.26379735288279604, "mds": 0.736202647117204, "mean_pred": 0.7292649588726365, "mean_true": 0.9905763878033667}, "validation": {"cor": NaN, "r2": 0, "mann-w": 2.8093834772437776e-27, "uplift": -0.26363026238080595, "mds": 0.736369737619194, "mean_pred": 0.7292649588726365, "mean_true": 0.9903516149787355}}