{"train": {"cor": 0.6373649543478698, "r2": 0, "mann-w": 5.341805818859044e-68, "uplift": 1.0840189824271693, "mds": 0, "mean_pred": 0.5623769119654014, "mean_true": 0.26985210629436046}, "validation": {"cor": 0.40479964815499553, "r2": 0, "mann-w": 6.835893916502064e-22, "uplift": 1.0065450036915973, "mds": 0, "mean_pred": 0.5663171604198363, "mean_true": 0.28223496576350815}, "train.accumulative": {"cor": 0.6304393347496662, "r2": 0, "mann-w": 3.254109494036783e-66, "uplift": 1.0673998281839805, "mds": 0, "mean_pred": 0.557892198188046, "mean_true": 0.26985210629436046}, "validation.accumulative": {"cor": 0.3836757709599462, "r2": 0, "mann-w": 4.622665829938415e-21, "uplift": 0.9771238077987805, "mds": 0.022876192201219503, "mean_pred": 0.5580134702043057, "mean_true": 0.28223496576350815}}