{"train": {"cor": NaN, "r2": 0, "mann-w": 7.153127186657326e-138, "uplift": 17.355334014779228, "mds": 0, "mean_pred": 0.5068939831471749, "mean_true": 0.027615622943120366}, "validation": {"cor": NaN, "r2": 0, "mann-w": 3.7393748492812317e-47, "uplift": 19.885405898410887, "mds": 0, "mean_pred": 0.5068939831471749, "mean_true": 0.024270248115491166}, "train.accumulative": {"cor": 0.17776901156744018, "r2": 0, "mann-w": 6.395075972698787e-121, "uplift": 17.273126790481623, "mds": 0, "mean_pred": 0.5046237794377717, "mean_true": 0.027615622943120366}, "validation.accumulative": {"cor": 0.11429619178609932, "r2": 0, "mann-w": 1.628235259234258e-41, "uplift": 19.787579038877787, "mds": 0, "mean_pred": 0.5045197009939473, "mean_true": 0.024270248115491166}}