{"train": {"cor": 0.6873970065951307, "r2": 0, "mann-w": 3.888611188011315e-25, "uplift": 1829.2728888668921, "mds": 0, "mean_pred": 0.5000787863525582, "mean_true": 0.00027322635296322023}, "validation": {"cor": 0.6609756099134094, "r2": 0, "mann-w": 3.125417672914086e-09, "uplift": 1033.7545150052451, "mds": 0, "mean_pred": 0.5001675677998184, "mean_true": 0.00048336833572287726}, "train.accumulative": {"cor": 0.6863392097287977, "r2": 0, "mann-w": 3.888611188011315e-25, "uplift": 1829.2728179342655, "mds": 0, "mean_pred": 0.5000787669718953, "mean_true": 0.00027322635296322023}, "validation.accumulative": {"cor": 0.6466152907715282, "r2": 0, "mann-w": 3.125417672914086e-09, "uplift": 1033.754391843379, "mds": 0, "mean_pred": 0.5001675082672721, "mean_true": 0.00048336833572287726}}