{"train": {"cor": NaN, "r2": 0, "mann-w": 1.2538829389571791e-132, "uplift": -0.25001105449803435, "mds": 0.7499889455019657, "mean_pred": 0.7242605940403005, "mean_true": 0.965695025752086}, "validation": {"cor": NaN, "r2": 0, "mann-w": 1.2183101406660234e-45, "uplift": -0.24787294938922483, "mds": 0.7521270506107751, "mean_pred": 0.7242605940403005, "mean_true": 0.9629498014360136}, "train.accumulative": {"cor": -0.16797775399142542, "r2": 0, "mann-w": 2.4694940816748736e-116, "uplift": -0.4125186318008395, "mds": 0.5874813681991605, "mean_pred": 0.567327834991959, "mean_true": 0.965695025752086}, "validation.accumulative": {"cor": -0.060311322177737624, "r2": 0, "mann-w": 3.4249027558978813e-40, "uplift": -0.4012318935339172, "mds": 0.5987681064660828, "mean_pred": 0.5765836292277323, "mean_true": 0.9629498014360136}}