{"train": {"cor": 0.49527611574800917, "r2": 0, "mann-w": 6.228054868911859e-255, "uplift": 11.937596932028931, "mds": 0, "mean_pred": 0.5088187101300425, "mean_true": 0.039328687761974304}, "validation": {"cor": 0.5617637294209491, "r2": 0, "mann-w": 5.9861215548330055e-86, "uplift": 13.362066329782252, "mds": 0, "mean_pred": 0.5079929142880875, "mean_true": 0.0353704615076645}, "train.accumulative": {"cor": 0.4954642471639147, "r2": 0, "mann-w": 6.228054868911859e-255, "uplift": 11.937592377863337, "mds": 0, "mean_pred": 0.5088185310206859, "mean_true": 0.039328687761974304}, "validation.accumulative": {"cor": 0.5617240672284172, "r2": 0, "mann-w": 5.9861215548330055e-86, "uplift": 13.36204348078541, "mds": 0, "mean_pred": 0.5079921061085242, "mean_true": 0.0353704615076645}}