{"train": {"cor": NaN, "r2": 0, "mann-w": 2.1232113261626865e-143, "uplift": 290.69590753517696, "mds": 0, "mean_pred": 0.5004270564350407, "mean_true": 0.0017155779135320638}, "validation": {"cor": NaN, "r2": 0, "mann-w": 6.6406626822020875e-49, "uplift": 361.2210852105517, "mds": 0, "mean_pred": 0.5004270564350407, "mean_true": 0.0013815514249927022}, "train.accumulative": {"cor": 0.030536075979225752, "r2": 0, "mann-w": 1.1040947778108712e-125, "uplift": 290.6957354764872, "mds": 0, "mean_pred": 0.5004267612549527, "mean_true": 0.0017155779135320638}, "validation.accumulative": {"cor": -0.003650418303027723, "r2": 0, "mann-w": 5.092566946031527e-43, "uplift": 361.2208266019081, "mds": 0, "mean_pred": 0.5004266991539006, "mean_true": 0.0013815514249927022}}