{"train": {"cor": NaN, "r2": 0, "mann-w": 4.045222274170089e-74, "uplift": -0.2523216014995891, "mds": 0.747678398500411, "mean_pred": 0.72507276850816, "mean_true": 0.9697655702804975}, "validation": {"cor": NaN, "r2": 0, "mann-w": 3.6570914737542115e-26, "uplift": -0.25678925174660994, "mds": 0.7432107482533901, "mean_pred": 0.72507276850816, "mean_true": 0.9755951057114609}, "train.accumulative": {"cor": -0.4169886273130167, "r2": 0, "mann-w": 4.081373666008889e-65, "uplift": -0.2915125293502094, "mds": 0.7084874706497906, "mean_pred": 0.6870667560112814, "mean_true": 0.9697655702804975}, "validation.accumulative": {"cor": 0.029266390151310374, "r2": 0, "mann-w": 3.9258736612376997e-23, "uplift": -0.30269716537491387, "mds": 0.6973028346250861, "mean_pred": 0.6802852326589622, "mean_true": 0.9755951057114609}}