{"train": {"cor": 0.528191323380253, "r2": 0, "mann-w": 8.280739463243473e-114, "uplift": 8474.739056213371, "mds": 0, "mean_pred": 0.5000436021360939, "mean_true": 5.899705014744683e-05}, "validation": {"cor": 0.49665375852740473, "r2": 0, "mann-w": 1.3786100475104674e-38, "uplift": 8475.413181637437, "mds": 0, "mean_pred": 0.5000833735475432, "mean_true": 5.899705014744683e-05}, "train.accumulative": {"cor": 0.528191323380253, "r2": 0, "mann-w": 8.280739463243473e-114, "uplift": 8474.739056213371, "mds": 0, "mean_pred": 0.5000436021360939, "mean_true": 5.899705014744683e-05}, "validation.accumulative": {"cor": 0.49665375852740473, "r2": 0, "mann-w": 1.3786100475104674e-38, "uplift": 8475.413181637437, "mds": 0, "mean_pred": 0.5000833735475432, "mean_true": 5.899705014744683e-05}}