{"train": {"cor": 0.9656843259626826, "r2": 0, "mann-w": 9.036855048388881e-13, "uplift": 0.8111064354971848, "mds": 0.18889356450281525, "mean_pred": 0.5755089747500032, "mean_true": 0.31776651193446537}, "validation": {"cor": 0.5905450169139952, "r2": 0, "mann-w": 7.431818492900332e-06, "uplift": 0.6995548843103623, "mds": 0.3004451156896377, "mean_pred": 0.5839554557292055, "mean_true": 0.3435931732008527}}