{"train": {"cor": 0.8516965027973383, "r2": 0, "mann-w": 9.152540801615923e-05, "uplift": -0.0556042971335649, "mds": 0.9443957028664351, "mean_pred": 0.673572675488199, "mean_true": 0.7132314065425832}, "validation": {"cor": 0.8678228124093236, "r2": 0, "mann-w": 0.0015294409691835034, "uplift": -0.07226221369474767, "mds": 0.9277377863052523, "mean_pred": 0.6793889611864989, "mean_true": 0.7323070928178843}, "train.accumulative": {"cor": 0.8385677715433438, "r2": 0, "mann-w": 6.121374635430659e-07, "uplift": -0.07854799130323964, "mds": 0.9214520086967604, "mean_pred": 0.657208512224279, "mean_true": 0.7132314065425832}, "validation.accumulative": {"cor": 0.8323024164543243, "r2": 0, "mann-w": 8.555855318495722e-05, "uplift": -0.09954194005408191, "mds": 0.9004580599459181, "mean_pred": 0.6594118240834275, "mean_true": 0.7323070928178843}}