{"train": {"cor": 0.48595223477219324, "r2": 0, "mann-w": 1.1792227454825513e-28, "uplift": 38.01615006520322, "mds": 0, "mean_pred": 0.5008113715052723, "mean_true": 0.012836001775375675}, "validation": {"cor": 0.10535540523999622, "r2": 0, "mann-w": 3.002098471731422e-11, "uplift": 38.650227751269064, "mds": 0, "mean_pred": 0.5006595961164065, "mean_true": 0.012626903412941485}, "train.accumulative": {"cor": 0.41117706075719174, "r2": 0, "mann-w": 1.218149121491953e-28, "uplift": 38.00518815338537, "mds": 0, "mean_pred": 0.5006706643857168, "mean_true": 0.012836001775375675}, "validation.accumulative": {"cor": 0.10764608239561542, "r2": 0, "mann-w": 3.002098471731422e-11, "uplift": 38.60997652232123, "mds": 0, "mean_pred": 0.50015134773623, "mean_true": 0.012626903412941485}}