{"train": {"cor": 0.7922841117649473, "r2": 0, "mann-w": 3.820575595646406e-08, "uplift": -0.2568493549835417, "mds": 0.7431506450164582, "mean_pred": 0.7306737451732654, "mean_true": 0.9832108066825179}, "validation": {"cor": -0.069888622510206, "r2": 0, "mann-w": 0.0002047300544265788, "uplift": -0.25797424630608684, "mds": 0.7420257536939132, "mean_pred": 0.7249631730165128, "mean_true": 0.9770054063589299}, "train.accumulative": {"cor": 0.4240395867584479, "r2": 0, "mann-w": 3.820575595646406e-08, "uplift": -0.33900583749897145, "mds": 0.6609941625010285, "mean_pred": 0.6498966037250716, "mean_true": 0.9832108066825179}, "validation.accumulative": {"cor": 0.11285678595199666, "r2": 0, "mann-w": 0.0002047300544265788, "uplift": -0.42528335183706956, "mds": 0.5747166481629304, "mean_pred": 0.561501272379666, "mean_true": 0.9770054063589299}}