{"train": {"cor": 0.9155148942324776, "r2": 0, "mann-w": 2.495364267986459e-16, "uplift": 8474.259158654271, "mds": 0, "mean_pred": 0.500015289595734, "mean_true": 5.899705014744683e-05}, "validation": {"cor": -0.016741654064653697, "r2": 0, "mann-w": 1.9078719650568323e-06, "uplift": 8474.743221389606, "mds": 0, "mean_pred": 0.5000438478692051, "mean_true": 5.899705014744683e-05}, "train.accumulative": {"cor": 0.9155148942324776, "r2": 0, "mann-w": 2.495364267986459e-16, "uplift": 8474.259158654271, "mds": 0, "mean_pred": 0.500015289595734, "mean_true": 5.899705014744683e-05}, "validation.accumulative": {"cor": -0.016741654064653697, "r2": 0, "mann-w": 1.9078719650568323e-06, "uplift": 8474.743221389606, "mds": 0, "mean_pred": 0.5000438478692051, "mean_true": 5.899705014744683e-05}}