{"train": {"cor": NaN, "r2": 0, "mann-w": 1.0966546653014691e-39, "uplift": -0.25755867703415664, "mds": 0.7424413229658433, "mean_pred": 0.7269315346423113, "mean_true": 0.9791097453175494}, "validation": {"cor": NaN, "r2": 0, "mann-w": 4.3387852441342433e-14, "uplift": -0.25238449957705034, "mds": 0.7476155004229497, "mean_pred": 0.7269315346423113, "mean_true": 0.972333417687385}, "train.accumulative": {"cor": -0.18578902195795846, "r2": 0, "mann-w": 5.653153601600266e-35, "uplift": -0.26620819722719957, "mds": 0.7337918027728004, "mean_pred": 0.718462705128982, "mean_true": 0.9791097453175494}, "validation.accumulative": {"cor": -0.13206053896353043, "r2": 0, "mann-w": 1.4974190297057414e-12, "uplift": -0.264168611211341, "mds": 0.735831388788659, "mean_pred": 0.7154734491025317, "mean_true": 0.972333417687385}}