{"train": {"cor": 0.8319415623020391, "r2": 0, "mann-w": 6.889532581598887e-33, "uplift": 8474.28852995878, "mds": 0, "mean_pred": 0.500017022416059, "mean_true": 5.899705014744683e-05}, "validation": {"cor": 0.525743970742123, "r2": 0, "mann-w": 1.5527429058652756e-09, "uplift": 8474.986836965474, "mds": 0, "mean_pred": 0.5000582204695513, "mean_true": 5.899705014744683e-05}, "train.accumulative": {"cor": 0.8319415623020391, "r2": 0, "mann-w": 6.889532581598887e-33, "uplift": 8474.28852995878, "mds": 0, "mean_pred": 0.500017022416059, "mean_true": 5.899705014744683e-05}, "validation.accumulative": {"cor": 0.525743970742123, "r2": 0, "mann-w": 1.5527429058652756e-09, "uplift": 8474.986836965474, "mds": 0, "mean_pred": 0.5000582204695513, "mean_true": 5.899705014744683e-05}}