{"train": {"cor": 0.8848044074940072, "r2": 0, "mann-w": 2.6859816014496313e-69, "uplift": 1.0725922182119114, "mds": 0, "mean_pred": 0.5701397340405283, "mean_true": 0.27508533952347136}, "validation": {"cor": 0.7394816347300479, "r2": 0, "mann-w": 2.7359988982930542e-27, "uplift": 1.1384274539112984, "mds": 0, "mean_pred": 0.5689279778223091, "mean_true": 0.26604969777287013}}