{"train": {"cor": 0.5286872717074679, "r2": 0, "mann-w": 1.1327229395903721e-71, "uplift": -0.26897541681199155, "mds": 0.7310245831880084, "mean_pred": 0.7309814548940151, "mean_true": 0.9999410029498526}, "validation": {"cor": 0.4930096788276044, "r2": 0, "mann-w": 6.334283443449657e-27, "uplift": -0.26897900479169806, "mds": 0.731020995208302, "mean_pred": 0.7309778671259888, "mean_true": 0.9999410029498526}}