{"train": {"cor": 0.8841344921884262, "r2": 0, "mann-w": 2.342271512410083e-10, "uplift": -0.26890988889225365, "mds": 0.7310901111077464, "mean_pred": 0.731046978947799, "mean_true": 0.9999410029498526}, "validation": {"cor": -0.16183269274919043, "r2": 0, "mann-w": 5.685269915952945e-06, "uplift": -0.26903686904428253, "mds": 0.7309631309557174, "mean_pred": 0.7309200062872245, "mean_true": 0.9999410029498526}}