{"train": {"cor": 0.7908109700082119, "r2": 0, "mann-w": 9.266383364415847e-05, "uplift": 2.9285189712056323, "mds": 0, "mean_pred": 0.5339253141163365, "mean_true": 0.13591007655296594}, "validation": {"cor": -0.33711691746876854, "r2": 0, "mann-w": 0.01363769188079265, "uplift": 0.36899535207968137, "mds": 0.6310046479203186, "mean_pred": 0.5908763238912401, "mean_true": 0.43161309714720536}, "train.accumulative": {"cor": 0.7983779459673578, "r2": 0, "mann-w": 0.00013061522799836454, "uplift": 2.9143692488630255, "mds": 0, "mean_pred": 0.5320022242695496, "mean_true": 0.13591007655296594}, "validation.accumulative": {"cor": -0.3377486680824151, "r2": 0, "mann-w": 0.026029384375300103, "uplift": 0.36804050867049204, "mds": 0.6319594913295079, "mean_pred": 0.5904642009701093, "mean_true": 0.43161309714720536}}