{"train": {"cor": 0.5607845633956703, "r2": 0, "mann-w": 1.4987711653429512e-21, "uplift": 10.93978119075887, "mds": 0, "mean_pred": 0.5067560978630055, "mean_true": 0.04244266203598636}, "validation": {"cor": 0.5939748064203753, "r2": 0, "mann-w": 1.562699999200436e-08, "uplift": 5.6888234228754655, "mds": 0, "mean_pred": 0.523094207011846, "mean_true": 0.07820421828193103}, "train.accumulative": {"cor": 0.5523094530277125, "r2": 0, "mann-w": 1.4987711653429512e-21, "uplift": 10.916069527970231, "mds": 0, "mean_pred": 0.505749711772956, "mean_true": 0.04244266203598636}, "validation.accumulative": {"cor": 0.562386331466121, "r2": 0, "mann-w": 1.562699999200436e-08, "uplift": 5.687052675629641, "mds": 0, "mean_pred": 0.5229557271077113, "mean_true": 0.07820421828193103}}