{"train": {"cor": 0.6589055362115864, "r2": 0, "mann-w": 1.8292076660810115e-35, "uplift": -0.246899785141897, "mds": 0.753100214858103, "mean_pred": 0.7244831510460299, "mean_true": 0.9620009883844409}, "validation": {"cor": 0.26429864388684227, "r2": 0, "mann-w": 1.5193272945923881e-15, "uplift": -0.25955975364378453, "mds": 0.7404402463562154, "mean_pred": 0.7261172112318366, "mean_true": 0.9806560553739967}}