{"train": {"cor": 0.8308094379608942, "r2": 0, "mann-w": 2.60241956911179e-20, "uplift": -0.2640222904180983, "mds": 0.7359777095819017, "mean_pred": 0.7297022126715259, "mean_true": 0.9914732513924358}, "validation": {"cor": 0.7915361941890607, "r2": 0, "mann-w": 3.3184428214986893e-09, "uplift": -0.26555627992930825, "mds": 0.7344437200706917, "mean_pred": 0.7295307044793771, "mean_true": 0.9933105621886973}}