{"train": {"cor": NaN, "r2": 0, "mann-w": 1.0551379350543836e-41, "uplift": 8474.249999999927, "mds": 0, "mean_pred": 0.5000147492625326, "mean_true": 5.899705014749263e-05}, "validation": {"cor": NaN, "r2": 0, "mann-w": 4.002129402967916e-15, "uplift": 8474.249999999927, "mds": 0, "mean_pred": 0.5000147492625326, "mean_true": 5.899705014749263e-05}, "train.accumulative": {"cor": 0.12206591635915658, "r2": 0, "mann-w": 1.650373896974093e-36, "uplift": 8474.24998297751, "mds": 0, "mean_pred": 0.5000147482582602, "mean_true": 5.899705014749263e-05}, "validation.accumulative": {"cor": -0.42871218248037224, "r2": 0, "mann-w": 2.450228599216851e-13, "uplift": 8474.249941779455, "mds": 0, "mean_pred": 0.5000147458276966, "mean_true": 5.899705014749263e-05}}