{"train": {"cor": NaN, "r2": 0, "mann-w": 1.1285775365553604e-78, "uplift": 114.91366691670943, "mds": 0, "mean_pred": 0.5010427081445017, "mean_true": 0.004322550752402039}, "validation": {"cor": NaN, "r2": 0, "mann-w": 5.7319035787091114e-27, "uplift": 102.00194558498842, "mds": 0, "mean_pred": 0.5010427081445017, "mean_true": 0.004864400427573322}, "train.accumulative": {"cor": -0.008032007763415026, "r2": 0, "mann-w": 4.2495656171715265e-69, "uplift": 114.91341506039613, "mds": 0, "mean_pred": 0.5010416194828051, "mean_true": 0.004322550752402039}, "validation.accumulative": {"cor": 0.2158011050833912, "r2": 0, "mann-w": 7.784538398825278e-24, "uplift": 102.00173184017271, "mds": 0, "mean_pred": 0.5010416684041288, "mean_true": 0.004864400427573322}}