{"train": {"cor": NaN, "r2": 0, "mann-w": 1.2538829389571791e-132, "uplift": 13.825121246838181, "mds": 0, "mean_pred": 0.5085754025949875, "mean_true": 0.034304974247914066}, "validation": {"cor": NaN, "r2": 0, "mann-w": 1.2183101406660234e-45, "uplift": 12.726657948044933, "mds": 0, "mean_pred": 0.5085754025949875, "mean_true": 0.03705019856398644}, "train.accumulative": {"cor": 0.167977753991423, "r2": 0, "mann-w": 2.4694940816748736e-116, "uplift": 13.645290846250523, "mds": 0, "mean_pred": 0.5024063253338358, "mean_true": 0.034304974247914066}, "validation.accumulative": {"cor": 0.0603113221777381, "r2": 0, "mann-w": 3.4249027558978813e-40, "uplift": 12.569214155967382, "mds": 0, "mean_pred": 0.5027420788358472, "mean_true": 0.03705019856398644}}