{"train": {"cor": NaN, "r2": 0, "mann-w": 8.047630458725871e-141, "uplift": -0.26547613534783976, "mds": 0.7345238646521602, "mean_pred": 0.7298051384250607, "mean_true": 0.9935758027013402}, "validation": {"cor": NaN, "r2": 0, "mann-w": 2.93258215082519e-48, "uplift": -0.2652254438539852, "mds": 0.7347745561460148, "mean_pred": 0.7298051384250607, "mean_true": 0.9932368130069456}}