{"train": {"cor": NaN, "r2": 0, "mann-w": 2.8508083010644643e-24, "uplift": 51.519323434626365, "mds": 0, "mean_pred": 0.5023914417493084, "mean_true": 0.009565839940315722}, "validation": {"cor": NaN, "r2": 0, "mann-w": 4.003272516972358e-09, "uplift": 58.41914573577614, "mds": 0, "mean_pred": 0.5023914417493084, "mean_true": 0.008455043160386932}, "train.accumulative": {"cor": 0.012250963909126077, "r2": 0, "mann-w": 1.7782854874923613e-21, "uplift": 51.518884820498066, "mds": 0, "mean_pred": 0.5023872460367615, "mean_true": 0.009565839940315722}, "validation.accumulative": {"cor": 0.3030749705672949, "r2": 0, "mann-w": 3.397807564086679e-08, "uplift": 58.41864412347676, "mds": 0, "mean_pred": 0.5023872005956673, "mean_true": 0.008455043160386932}}