	Estimate	p-value
ESRP2	0.3199034798246285	0.0
IGF2BP2	-0.1568524091609304	0.0
SRP54	0.42838517328251036	0.0
ESRP1	0.6346371825782965	0.0
PCBP1	0.01879316344831189	0.0
CFTR	0.2392748400532496	0.0
KHDRBS3	0.23735315955735203	0.0
AKAP1	0.3947622859860775	0.0
HNRNPF	0.45776814367719254	0.0
ERI1	0.7461780224111145	0.0
(Intercept)	-12.271538230192856	0.0
