{"train": {"cor": 0.621235976409332, "r2": 0, "mann-w": 7.582929181079081e-10, "uplift": 0.345175577937605, "mds": 0.654824422062395, "mean_pred": 0.5941781931072763, "mean_true": 0.44171051188593374}, "validation": {"cor": 0.42446287279993566, "r2": 0, "mann-w": 1.4060109834131046e-06, "uplift": 0.8049962566893756, "mds": 0.19500374331062442, "mean_pred": 0.5908289675800626, "mean_true": 0.32732974674625004}, "train.accumulative": {"cor": 0.579049208872008, "r2": 0, "mann-w": 4.111021352297317e-09, "uplift": 0.31687477290759164, "mds": 0.6831252270924084, "mean_pred": 0.5816774300306851, "mean_true": 0.44171051188593374}, "validation.accumulative": {"cor": 0.37953350704585737, "r2": 0, "mann-w": 3.0479513171021447e-06, "uplift": 0.7616944320461184, "mds": 0.23830556795388158, "mean_pred": 0.5766549922859348, "mean_true": 0.32732974674625004}}