{"train": {"cor": 0.8032197690310057, "r2": 0, "mann-w": 1.5285328374129982e-83, "uplift": 1.1156285781692168, "mds": 0, "mean_pred": 0.5667996079674202, "mean_true": 0.26791073528506915}, "validation": {"cor": 0.7226217833302327, "r2": 0, "mann-w": 7.295966329148068e-30, "uplift": 1.266777076421071, "mds": 0, "mean_pred": 0.562409031459659, "mean_true": 0.2481095460642409}}