{"train": {"cor": NaN, "r2": 0, "mann-w": 2.477208973926616e-85, "uplift": 8474.249999999927, "mds": 0, "mean_pred": 0.5000147492625326, "mean_true": 5.899705014749263e-05}, "validation": {"cor": NaN, "r2": 0, "mann-w": 1.0467296831695849e-29, "uplift": 8474.249999999927, "mds": 0, "mean_pred": 0.5000147492625326, "mean_true": 5.899705014749263e-05}, "train.accumulative": {"cor": 0.07906393909058415, "r2": 0, "mann-w": 1.6710322835342231e-74, "uplift": 8474.249753716067, "mds": 0, "mean_pred": 0.5000147347325113, "mean_true": 5.899705014749263e-05}, "validation.accumulative": {"cor": 0.14857059651367474, "r2": 0, "mann-w": 4.337982650780349e-26, "uplift": 8474.249765446184, "mds": 0, "mean_pred": 0.5000147354245537, "mean_true": 5.899705014749263e-05}}