{"train": {"cor": 0.6824010118843498, "r2": 0, "mann-w": 0.0, "uplift": -0.23511467015078705, "mds": 0.764885329849213, "mean_pred": 0.7191780162528668, "mean_true": 0.940242920327212}, "validation": {"cor": 0.696184441074536, "r2": 0, "mann-w": 2.129400432183644e-201, "uplift": -0.2336714057546671, "mds": 0.7663285942453328, "mean_pred": 0.718632115868153, "mean_true": 0.9377597564082147}}