{"train": {"cor": 0.5683244408904196, "r2": 0, "mann-w": 8.293622317220781e-41, "uplift": -0.2691087359015846, "mds": 0.7308912640984154, "mean_pred": 0.7308481436698551, "mean_true": 0.9999410029498526}, "validation": {"cor": 0.3492593540711785, "r2": 0, "mann-w": 6.393472731631239e-15, "uplift": -0.26905365042648993, "mds": 0.73094634957351, "mean_pred": 0.7309032258950692, "mean_true": 0.9999410029498526}}