{"train": {"cor": NaN, "r2": 0, "mann-w": 3.265233220172828e-94, "uplift": -0.25564677366831273, "mds": 0.7443532263316872, "mean_pred": 0.7262660662125604, "mean_true": 0.9757008373453773}, "validation": {"cor": NaN, "r2": 0, "mann-w": 2.7772768419821318e-33, "uplift": -0.2541001642164605, "mds": 0.7458998357835396, "mean_pred": 0.7262660662125604, "mean_true": 0.9736777397861275}, "train.accumulative": {"cor": 0.05402580664154932, "r2": 0, "mann-w": 1.035090058857795e-82, "uplift": -0.3541761447594455, "mds": 0.6458238552405545, "mean_pred": 0.6301308763358288, "mean_true": 0.9757008373453773}, "validation.accumulative": {"cor": -0.014320525752739476, "r2": 0, "mann-w": 2.2725468672201233e-29, "uplift": -0.3568406072308096, "mds": 0.6431593927691903, "mean_pred": 0.6262299838737235, "mean_true": 0.9736777397861275}}