{"train": {"cor": 0.7897084347514076, "r2": 0, "mann-w": 5.36256095412814e-68, "uplift": 7.162520184783818, "mds": 0, "mean_pred": 0.5165066392924325, "mean_true": 0.06327783914767887}, "validation": {"cor": 0.47530853305190573, "r2": 0, "mann-w": 4.1330162127762996e-24, "uplift": 6.303279424277973, "mds": 0, "mean_pred": 0.5145507692836981, "mean_true": 0.07045475592419476}, "train.accumulative": {"cor": 0.7897084347514076, "r2": 0, "mann-w": 5.36256095412814e-68, "uplift": 7.160131908122346, "mds": 0, "mean_pred": 0.5163555143060077, "mean_true": 0.06327783914767887}, "validation.accumulative": {"cor": 0.4753085330519056, "r2": 0, "mann-w": 4.1330162127762996e-24, "uplift": 6.301388290503149, "mds": 0, "mean_pred": 0.514417529915173, "mean_true": 0.07045475592419476}}