	Estimate	p-value
ESRP2	1.1217544293470934	0.0
CELF2	0.32342100395856377	0.0
ZFP36	0.2059982879945248	0.0
SRSF9	0.1909541070641833	0.0
ESRP1	1.0248674859547604	0.0
MSI1	-0.6542164068584712	0.0
GRN	-0.042709569594234914	0.0
G3BP2	0.891092234600307	0.0
KHDRBS3	-0.5269540384866136	0.0
RBM38	0.27240764224082614	0.0
CPEB4	-0.43166886223828455	0.0
IGF2BP2	0.17501861406199254	0.0
SUPV3L1	-1.3451341594473518	0.0
DDX58	-0.32123976015060146	0.0
(Intercept)	-7.111245461468043	0.0
