{"train": {"cor": 0.44018878536962364, "r2": 0, "mann-w": 5.848352115112724e-110, "uplift": 31.11538338874183, "mds": 0, "mean_pred": 0.5018981440952105, "mean_true": 0.015627966760351764}, "validation": {"cor": 0.44235672149506106, "r2": 0, "mann-w": 5.3312650527439825e-39, "uplift": 39.203157561851754, "mds": 0, "mean_pred": 0.5017718416559489, "mean_true": 0.012480906279164341}, "train.accumulative": {"cor": 0.44272056022987355, "r2": 0, "mann-w": 5.894303932153596e-110, "uplift": 31.113676214024036, "mds": 0, "mean_pred": 0.5018714644254667, "mean_true": 0.015627966760351764}, "validation.accumulative": {"cor": 0.4425610721101977, "r2": 0, "mann-w": 5.3312650527439825e-39, "uplift": 39.20268103581472, "mds": 0, "mean_pred": 0.5017658941791411, "mean_true": 0.012480906279164341}}