{"train": {"cor": NaN, "r2": 0, "mann-w": 7.673217267982916e-15, "uplift": -0.2661339599409123, "mds": 0.7338660400590877, "mean_pred": 0.7300294734738034, "mean_true": 0.9947721159232612}, "validation": {"cor": NaN, "r2": 0, "mann-w": 1.2764943055557748e-05, "uplift": -0.2665645982569327, "mds": 0.7334354017430673, "mean_pred": 0.7300294734738034, "mean_true": 0.9953561987038403}}