{"train": {"cor": 0.6208097682504515, "r2": 0, "mann-w": 1.948219119941368e-71, "uplift": 4.599767124985818, "mds": 0, "mean_pred": 0.5220596161177725, "mean_true": 0.0932288083531857}, "validation": {"cor": 0.49457903326832925, "r2": 0, "mann-w": 9.362516099495891e-26, "uplift": 5.2250033673444864, "mds": 0, "mean_pred": 0.5325679590587922, "mean_true": 0.08555303951361225}, "train.accumulative": {"cor": 0.5976152565186138, "r2": 0, "mann-w": 2.0852724812896436e-71, "uplift": 4.570993213792459, "mds": 0, "mean_pred": 0.5193770586655553, "mean_true": 0.0932288083531857}, "validation.accumulative": {"cor": 0.4840793173766717, "r2": 0, "mann-w": 9.362516099495891e-26, "uplift": 5.127642119555999, "mds": 0, "mean_pred": 0.5242384083796491, "mean_true": 0.08555303951361225}}