{"train": {"cor": NaN, "r2": 0, "mann-w": 1.2579036657260562e-51, "uplift": 23.175945903963413, "mds": 0, "mean_pred": 0.5051723321625227, "mean_true": 0.020895659436419592}, "validation": {"cor": NaN, "r2": 0, "mann-w": 1.2696712375275841e-18, "uplift": 17.9813598245518, "mds": 0, "mean_pred": 0.5051723321625227, "mean_true": 0.026614127587903262}, "train.accumulative": {"cor": -0.03993465030982915, "r2": 0, "mann-w": 1.9660455104851745e-45, "uplift": 23.14211911447015, "mds": 0, "mean_pred": 0.504465499089444, "mean_true": 0.020895659436419592}, "validation.accumulative": {"cor": 0.06327972675441405, "r2": 0, "mann-w": 1.5850758116620382e-16, "uplift": 17.97015952881589, "mds": 0, "mean_pred": 0.504874246062785, "mean_true": 0.026614127587903262}}