{"train": {"cor": 0.6208097682504359, "r2": 0, "mann-w": 1.5127478370366572e-44, "uplift": -0.2133089664156249, "mds": 0.7866910335843751, "mean_pred": 0.7133487659811678, "mean_true": 0.9067711916468143}, "validation": {"cor": 0.4945790332683142, "r2": 0, "mann-w": 9.125389974838947e-21, "uplift": -0.22942420621034426, "mds": 0.7705757937896558, "mean_pred": 0.7046506924553362, "mean_true": 0.9144469604863877}}