{"train": {"cor": NaN, "r2": 0, "mann-w": 1.0966546653014691e-39, "uplift": 23.184596187565848, "mds": 0, "mean_pred": 0.5052223737504759, "mean_true": 0.020890254682450662}, "validation": {"cor": NaN, "r2": 0, "mann-w": 4.3387852441342433e-14, "uplift": 17.261105330675885, "mds": 0, "mean_pred": 0.5052223737504759, "mean_true": 0.02766658231261494}, "train.accumulative": {"cor": 0.18578902195795308, "r2": 0, "mann-w": 5.653153601600266e-35, "uplift": 23.173806677322926, "mds": 0, "mean_pred": 0.5049969781336023, "mean_true": 0.020890254682450662}, "validation.accumulative": {"cor": 0.13206053896352762, "r2": 0, "mann-w": 1.4974190297057414e-12, "uplift": 17.250118693665364, "mds": 0, "mean_pred": 0.5049184110532854, "mean_true": 0.02766658231261494}}