{"train": {"cor": 0.6564862821212084, "r2": 0, "mann-w": 4.954328790958983e-21, "uplift": 0.5465922971846398, "mds": 0.45340770281536025, "mean_pred": 0.5805036327651814, "mean_true": 0.3753436725515244}, "validation": {"cor": 0.5079893415867719, "r2": 0, "mann-w": 5.330514817491445e-07, "uplift": 0.5315203983933848, "mds": 0.46847960160661517, "mean_pred": 0.5673188348052935, "mean_true": 0.37042852018192485}, "train.accumulative": {"cor": 0.6143804593494946, "r2": 0, "mann-w": 3.758841352911148e-18, "uplift": 0.5143735827806859, "mds": 0.4856264172193141, "mean_pred": 0.5684105421759126, "mean_true": 0.3753436725515244}, "validation.accumulative": {"cor": 0.47604035739991024, "r2": 0, "mann-w": 2.393263805205924e-06, "uplift": 0.5005139276697724, "mds": 0.49948607233022757, "mean_pred": 0.5558331537390816, "mean_true": 0.37042852018192485}}