{"train": {"cor": NaN, "r2": 0, "mann-w": 4.045222274170089e-74, "uplift": 15.787418727634323, "mds": 0, "mean_pred": 0.5075580316925198, "mean_true": 0.030234429719502486}, "validation": {"cor": NaN, "r2": 0, "mann-w": 3.6570914737542115e-26, "uplift": 19.797387019655215, "mds": 0, "mean_pred": 0.5075580316925198, "mean_true": 0.024404894288539054}, "train.accumulative": {"cor": 0.4169886273130131, "r2": 0, "mann-w": 4.081373666008889e-65, "uplift": 15.74016773781751, "mds": 0, "mean_pred": 0.5061294249617264, "mean_true": 0.030234429719502486}, "validation.accumulative": {"cor": -0.029266390151314214, "r2": 0, "mann-w": 3.9258736612376997e-23, "uplift": 19.72883564916269, "mds": 0, "mean_pred": 0.5058850427423153, "mean_true": 0.024404894288539054}}