	Estimate	p-value
ESRP2	0.4526287755743987	0.0
RBM24	0.7466770647112457	0.0
NELFE	-0.8556655326073124	0.0
RBFOX2	-0.9976517315331768	0.0
MSI1	-0.33068183339233304	0.0
CFTR	0.8351612323596673	0.0
HNRNPA0	-1.9017100576871615	0.0
ZFP36L2	0.7665601787931107	0.0
RBM38	0.9712943110798311	0.0
DDX58	0.6735522997423896	0.0
(Intercept)	-1.0631402704713837	0.0
