{"train": {"cor": 0.2929950175860524, "r2": 0, "mann-w": 2.25401505616745e-73, "uplift": 10.54095494233139, "mds": 0, "mean_pred": 0.5029243091870927, "mean_true": 0.04357735661391438}, "validation": {"cor": 0.14580235937673092, "r2": 0, "mann-w": 2.1267704854239084e-22, "uplift": 11.36622147488004, "mds": 0, "mean_pred": 0.5023186723885067, "mean_true": 0.04062022287154447}, "train.accumulative": {"cor": 0.2899536346701053, "r2": 0, "mann-w": 2.6017314244005003e-73, "uplift": 10.532788042354385, "mds": 0, "mean_pred": 0.5025684172743645, "mean_true": 0.04357735661391438}, "validation.accumulative": {"cor": 0.14649443659846356, "r2": 0, "mann-w": 2.1267704854239084e-22, "uplift": 11.364171713754631, "mds": 0, "mean_pred": 0.5022354106347591, "mean_true": 0.04062022287154447}}