{"train": {"cor": 0.6406046991935022, "r2": 0, "mann-w": 2.6516372565953e-20, "uplift": -0.26891276567082656, "mds": 0.7310872343291734, "mean_pred": 0.7310441023389476, "mean_true": 0.9999410029498526}, "validation": {"cor": 0.6005207708717579, "r2": 0, "mann-w": 4.555354087808694e-06, "uplift": -0.26891650831853986, "mds": 0.7310834916814601, "mean_pred": 0.7310403599120394, "mean_true": 0.9999410029498526}}