{"train": {"cor": 0.6836442201115737, "r2": 0, "mann-w": 1.5060772958216125e-10, "uplift": 16.7421374624148, "mds": 0, "mean_pred": 0.5071455743079165, "mean_true": 0.02858424332368414}, "validation": {"cor": 0.32398788229592246, "r2": 0, "mann-w": 0.00020614740103084563, "uplift": 12.168608919378753, "mds": 0, "mean_pred": 0.5085775333279826, "mean_true": 0.03862044475932204}, "train.accumulative": {"cor": 0.6716683296010137, "r2": 0, "mann-w": 1.5107491992342657e-10, "uplift": 16.7420475049548, "mds": 0, "mean_pred": 0.5071430029419911, "mean_true": 0.02858424332368414}, "validation.accumulative": {"cor": 0.3222905413259573, "r2": 0, "mann-w": 0.00020614740103084563, "uplift": 12.160027426311466, "mds": 0, "mean_pred": 0.5082461122490249, "mean_true": 0.03862044475932204}}