{"train": {"cor": 0.6048827890474845, "r2": 0, "mann-w": 1.2250580204110939e-38, "uplift": -0.26896058814119117, "mds": 0.7310394118588088, "mean_pred": 0.7309962826899676, "mean_true": 0.9999410029498526}, "validation": {"cor": 0.4045714222002702, "r2": 0, "mann-w": 1.269260139494001e-19, "uplift": -0.26905928780039967, "mds": 0.7309407121996003, "mean_pred": 0.7308975888537479, "mean_true": 0.9999410029498526}}