{"train": {"cor": NaN, "r2": 0, "mann-w": 9.453906474735439e-101, "uplift": -0.2655960568282827, "mds": 0.7344039431717173, "mean_pred": 0.7298349750441324, "mean_true": 0.9937786715743211}, "validation": {"cor": NaN, "r2": 0, "mann-w": 9.991190834920651e-36, "uplift": -0.2655152416217354, "mds": 0.7344847583782645, "mean_pred": 0.7298349750441324, "mean_true": 0.9936693263119594}}