{"train": {"cor": 0.5016558453426174, "r2": 0, "mann-w": 8.642608854955706e-114, "uplift": 5.768007270963924, "mds": 0, "mean_pred": 0.5174193582906943, "mean_true": 0.0764507686790652}, "validation": {"cor": 0.46762501306318754, "r2": 0, "mann-w": 1.669090754159935e-36, "uplift": 6.701004609261296, "mds": 0, "mean_pred": 0.518218016273174, "mean_true": 0.06729226153818431}, "train.accumulative": {"cor": 0.5016558453426175, "r2": 0, "mann-w": 8.711988902602897e-114, "uplift": 5.766405975376072, "mds": 0, "mean_pred": 0.5172969380121206, "mean_true": 0.0764507686790652}, "validation.accumulative": {"cor": 0.4676250130631875, "r2": 0, "mann-w": 1.669090754159935e-36, "uplift": 6.699102109656522, "mds": 0, "mean_pred": 0.5180899927721933, "mean_true": 0.06729226153818431}}