{"train": {"cor": 0.7048734337626889, "r2": 0, "mann-w": 2.0147116171845183e-39, "uplift": -0.22344998257665308, "mds": 0.776550017423347, "mean_pred": 0.7154501322868838, "mean_true": 0.9213188026970919}, "validation": {"cor": 0.5472077505263812, "r2": 0, "mann-w": 4.441121244356022e-14, "uplift": -0.240442535562776, "mds": 0.759557464437224, "mean_pred": 0.7133244144769695, "mean_true": 0.9391315968509245}}