{"train": {"cor": 0.7789877802298493, "r2": 0, "mann-w": 8.647244717120976e-42, "uplift": -0.2689121665728474, "mds": 0.7310878334271527, "mean_pred": 0.7310447014015817, "mean_true": 0.9999410029498526}, "validation": {"cor": 0.005519029783489928, "r2": 0, "mann-w": 7.938483946182594e-15, "uplift": -0.26891603155675425, "mds": 0.7310839684432457, "mean_pred": 0.7310408366456975, "mean_true": 0.9999410029498526}}