{"train": {"cor": NaN, "r2": 0, "mann-w": 5.350492536042211e-150, "uplift": -0.26890988889225365, "mds": 0.7310901111077464, "mean_pred": 0.731046978947799, "mean_true": 0.9999410029498526}, "validation": {"cor": NaN, "r2": 0, "mann-w": 2.1381154734897418e-51, "uplift": -0.26890988889225365, "mds": 0.7310901111077464, "mean_pred": 0.731046978947799, "mean_true": 0.9999410029498526}}