	Estimate	p-value
PCBP1	0.005344241160359315	0.0
RAVER1	2.575284925321779	0.0
G3BP2	2.344252667223263	0.0
SNRPA	-2.317149855680878	0.0
(Intercept)	0.58583004919487	0.0
