{"train": {"cor": 0.5777832460688683, "r2": 0, "mann-w": 2.4020185952188467e-24, "uplift": -0.2690928651173724, "mds": 0.7309071348826276, "mean_pred": 0.7308640135177378, "mean_true": 0.9999410029498526}, "validation": {"cor": 0.3474246955384502, "r2": 0, "mann-w": 1.0763800567944042e-16, "uplift": -0.2690828036550022, "mds": 0.7309171963449979, "mean_pred": 0.7308740743865114, "mean_true": 0.9999410029498526}}