{"train": {"cor": 0.6768095301571591, "r2": 0, "mann-w": 0.4147085194566955, "uplift": 0.018333848941639183, "mds": 0.9816661510583609, "mean_pred": 0.6621853689674324, "mean_true": 0.6502635355346833}, "validation": {"cor": 0.5057391398170984, "r2": 0, "mann-w": 0.0005598749023834663, "uplift": -0.0912169599447971, "mds": 0.9087830400552029, "mean_pred": 0.6740403703755511, "mean_true": 0.7416955870287889}}