{"train": {"cor": NaN, "r2": 0, "mann-w": 2.3130744177788556e-75, "uplift": 8474.249999999927, "mds": 0, "mean_pred": 0.5000147492625326, "mean_true": 5.899705014749263e-05}, "validation": {"cor": NaN, "r2": 0, "mann-w": 1.6484738146514376e-26, "uplift": 8474.249999999927, "mds": 0, "mean_pred": 0.5000147492625326, "mean_true": 5.899705014749263e-05}, "train.accumulative": {"cor": 0.12637258135573753, "r2": 0, "mann-w": 6.158749730524173e-66, "uplift": 8474.249939992253, "mds": 0, "mean_pred": 0.5000147457222568, "mean_true": 5.899705014749263e-05}, "validation.accumulative": {"cor": -0.10724764024685285, "r2": 0, "mann-w": 2.354634099568445e-23, "uplift": 8474.249816148522, "mds": 0, "mean_pred": 0.500014738415842, "mean_true": 5.899705014749263e-05}}