{"train": {"cor": NaN, "r2": 0, "mann-w": 6.117103842793057e-20, "uplift": -0.26841063232934576, "mds": 0.7315893676706542, "mean_pred": 0.730863444833844, "mean_true": 0.9990077455073991}, "validation": {"cor": NaN, "r2": 0, "mann-w": 1.3246018469428246e-07, "uplift": -0.2679644274485645, "mds": 0.7320355725514355, "mean_pred": 0.730863444833844, "mean_true": 0.9983988104382604}}