{"train": {"cor": NaN, "r2": 0, "mann-w": 8.90852044927385e-26, "uplift": -0.26658396561666947, "mds": 0.7334160343833305, "mean_pred": 0.7301939305429574, "mean_true": 0.9956067174845962}, "validation": {"cor": NaN, "r2": 0, "mann-w": 1.6527685709226967e-09, "uplift": -0.2603220445565331, "mds": 0.7396779554434669, "mean_pred": 0.7301939305429574, "mean_true": 0.9871781701337532}}