{"train": {"cor": 0.8995473263273789, "r2": 0, "mann-w": 0.0001578087192588464, "uplift": 0.2537651660515081, "mds": 0.7462348339484919, "mean_pred": 0.6311831057226113, "mean_true": 0.5034300862819477}, "validation": {"cor": 0.5133527613563956, "r2": 0, "mann-w": 0.04206232482484055, "uplift": 0.37292173453595545, "mds": 0.6270782654640445, "mean_pred": 0.6245495572493311, "mean_true": 0.45490543381952325}}