{"train": {"cor": NaN, "r2": 0, "mann-w": 1.280217337324666e-72, "uplift": -0.2639924971027812, "mds": 0.7360075028972188, "mean_pred": 0.7293069044350949, "mean_true": 0.9908960188099338}, "validation": {"cor": NaN, "r2": 0, "mann-w": 3.7271696806863126e-26, "uplift": -0.2600855635998586, "mds": 0.7399144364001413, "mean_pred": 0.7293069044350949, "mean_true": 0.98566383970469}}