{"train": {"cor": NaN, "r2": 0, "mann-w": 3.4960974569542125e-35, "uplift": 22.692538726745113, "mds": 0, "mean_pred": 0.5053040532914583, "mean_true": 0.021327560508365883}, "validation": {"cor": NaN, "r2": 0, "mann-w": 1.4416529903318954e-12, "uplift": 16.7484929904961, "mds": 0, "mean_pred": 0.5053040532914583, "mean_true": 0.02847025116791813}, "train.accumulative": {"cor": 0.22019780317280246, "r2": 0, "mann-w": 4.957698881176462e-31, "uplift": 22.679607438482673, "mds": 0, "mean_pred": 0.5050282604585901, "mean_true": 0.021327560508365883}, "validation.accumulative": {"cor": -0.019858817046789823, "r2": 0, "mann-w": 3.2329686008442295e-11, "uplift": 16.654896435588554, "mds": 0, "mean_pred": 0.5026393358647887, "mean_true": 0.02847025116791813}}