{"train": {"cor": 0.564742933508096, "r2": 0, "mann-w": 1.113586298293957e-25, "uplift": -0.1757621092723042, "mds": 0.8242378907276958, "mean_pred": 0.7173326087232407, "mean_true": 0.8702980253551902}, "validation": {"cor": 0.5315204482850072, "r2": 0, "mann-w": 2.5565658560043228e-08, "uplift": -0.16222849511817536, "mds": 0.8377715048818246, "mean_pred": 0.7206370550194505, "mean_true": 0.860183296782221}}