{"train": {"cor": 0.6836442201115505, "r2": 0, "mann-w": 2.483352997016298e-09, "uplift": -0.25325320988058847, "mds": 0.7467467901194116, "mean_pred": 0.7254015981694582, "mean_true": 0.9714157566763159}, "validation": {"cor": 0.3239878822959227, "r2": 0, "mann-w": 0.00020614740103084563, "uplift": -0.24664625173558444, "mds": 0.7533537482644156, "mean_pred": 0.7242588914453415, "mean_true": 0.961379555240678}}