{"train": {"cor": 0.8874320960513996, "r2": 0, "mann-w": 1.4789705881154798e-06, "uplift": 0.21168390662006425, "mds": 0.7883160933799358, "mean_pred": 0.6262937707998433, "mean_true": 0.5168788389266146}, "validation": {"cor": 0.7884233441626647, "r2": 0, "mann-w": 0.0004777248351402726, "uplift": 0.2885739082582076, "mds": 0.7114260917417924, "mean_pred": 0.632065276861581, "mean_true": 0.4905153463148706}}