{"train": {"cor": NaN, "r2": 0, "mann-w": 2.1232113261626865e-143, "uplift": -0.2680216456526749, "mds": 0.731978354347325, "mean_pred": 0.7307225884494233, "mean_true": 0.998284422086468}, "validation": {"cor": NaN, "r2": 0, "mann-w": 6.6406626822020875e-49, "uplift": -0.26826648406892717, "mds": 0.7317335159310728, "mean_pred": 0.7307225884494233, "mean_true": 0.9986184485750073}, "train.accumulative": {"cor": -0.03053607597923101, "r2": 0, "mann-w": 1.1040947778108712e-125, "uplift": -0.2681576731734115, "mds": 0.7318423268265886, "mean_pred": 0.7305867942944969, "mean_true": 0.998284422086468}, "validation.accumulative": {"cor": 0.0036504183030140816, "r2": 0, "mann-w": 5.092566946031527e-43, "uplift": -0.26843107998899, "mds": 0.73156892001101, "mean_pred": 0.7305582199270884, "mean_true": 0.9986184485750073}}