{"train": {"cor": 0.7897084347514078, "r2": 0, "mann-w": 1.946531545654102e-63, "uplift": -0.23362990233350786, "mds": 0.7663700976664921, "mean_pred": 0.7178758538987609, "mean_true": 0.9367221608523211}, "validation": {"cor": 0.4753085330519056, "r2": 0, "mann-w": 7.999389405674496e-23, "uplift": -0.22600963256832818, "mds": 0.7739903674316718, "mean_pred": 0.7194590650065955, "mean_true": 0.9295452440758052}}