{"train": {"cor": NaN, "r2": 0, "mann-w": 6.261863273267167e-134, "uplift": -0.2654174755406614, "mds": 0.7345825244593386, "mean_pred": 0.7298104218087837, "mean_true": 0.9935036534471506}, "validation": {"cor": NaN, "r2": 0, "mann-w": 4.607707569862052e-48, "uplift": -0.27014651898879677, "mds": 0.7298534810112032, "mean_pred": 0.7298104218087837, "mean_true": 0.9999410029498526}, "train.accumulative": {"cor": -0.010527720397362814, "r2": 0, "mann-w": 1.3971412890502809e-118, "uplift": -0.3883700311799654, "mds": 0.6116299688200346, "mean_pred": 0.6076566085804712, "mean_true": 0.9935036534471506}, "validation.accumulative": {"cor": -0.15156699270753257, "r2": 0, "mann-w": 3.28749295457268e-42, "uplift": -0.39433602068944607, "mds": 0.6056639793105539, "mean_pred": 0.605628246922394, "mean_true": 0.9999410029498526}}