{"train": {"cor": NaN, "r2": 0, "mann-w": 2.8053659854463965e-27, "uplift": 61.00666236827787, "mds": 0, "mean_pred": 0.5019576507920487, "mean_true": 0.008095221249141872}, "validation": {"cor": NaN, "r2": 0, "mann-w": 6.833241087328536e-10, "uplift": 77.79012630378851, "mds": 0, "mean_pred": 0.5019576507920487, "mean_true": 0.006370819217330189}, "train.accumulative": {"cor": -0.004703841680611179, "r2": 0, "mann-w": 1.9710017053803555e-26, "uplift": 61.006648101287745, "mds": 0, "mean_pred": 0.501957535297607, "mean_true": 0.008095221249141872}, "validation.accumulative": {"cor": 0.13818057615186824, "r2": 0, "mann-w": 7.196802703807071e-09, "uplift": 77.79010721193038, "mds": 0, "mean_pred": 0.501957529161272, "mean_true": 0.006370819217330189}}