{"train": {"cor": 0.45491089630062903, "r2": 0, "mann-w": 1.0004398742998467e-72, "uplift": -0.2291688998660096, "mds": 0.7708311001339904, "mean_pred": 0.7239183093837654, "mean_true": 0.9391399870320875}, "validation": {"cor": 0.384756990383043, "r2": 0, "mann-w": 4.593369195696486e-23, "uplift": -0.21858982893868859, "mds": 0.7814101710613114, "mean_pred": 0.7234979760770631, "mean_true": 0.9258875848703224}}