{"train": {"cor": 0.6553848067896996, "r2": 0, "mann-w": 0.0, "uplift": 1.4397646735488463, "mds": 0, "mean_pred": 0.5496591861115437, "mean_true": 0.22529188657855984}, "validation": {"cor": 0.6451673096236075, "r2": 0, "mann-w": 7.036791062862614e-227, "uplift": 1.5904700754178056, "mds": 0, "mean_pred": 0.5489625488008987, "mean_true": 0.21191619004221035}, "train.accumulative": {"cor": 0.610458983399113, "r2": 0, "mann-w": 0.0, "uplift": 1.3570744871554405, "mds": 0, "mean_pred": 0.5310297580174406, "mean_true": 0.22529188657855984}, "validation.accumulative": {"cor": 0.6097660235673004, "r2": 0, "mann-w": 1.062013224318941e-210, "uplift": 1.504837442817916, "mds": 0, "mean_pred": 0.5308156075570457, "mean_true": 0.21191619004221035}}