{"train": {"cor": 0.72504841136636, "r2": 0, "mann-w": 6.654369364699054e-18, "uplift": 52.11876640564601, "mds": 0, "mean_pred": 0.5023643263278325, "mean_true": 0.00945737938436831}, "validation": {"cor": 0.052340068820422914, "r2": 0, "mann-w": 6.402364466944004e-07, "uplift": 204.53787300583187, "mds": 0, "mean_pred": 0.5006912250574012, "mean_true": 0.0024360047018837966}, "train.accumulative": {"cor": 0.7116518438669395, "r2": 0, "mann-w": 1.0429869436546467e-17, "uplift": 51.937769956373344, "mds": 0, "mean_pred": 0.5006525742398373, "mean_true": 0.00945737938436831}, "validation.accumulative": {"cor": 0.2355998915337846, "r2": 0, "mann-w": 6.402364466944004e-07, "uplift": 204.42143855726647, "mds": 0, "mean_pred": 0.5004075901932346, "mean_true": 0.0024360047018837966}}