{"train": {"cor": 0.26976403885555983, "r2": 0, "mann-w": 1.0037908831125999e-87, "uplift": 32.11204633185967, "mds": 0, "mean_pred": 0.5006018821414475, "mean_true": 0.015118421770864084}, "validation": {"cor": 0.13674869106433865, "r2": 0, "mann-w": 1.6078009521014204e-31, "uplift": 32.323263772134574, "mds": 0, "mean_pred": 0.5004743351857317, "mean_true": 0.015018767027383317}, "train.accumulative": {"cor": 0.2670133164853467, "r2": 0, "mann-w": 1.0037908831125999e-87, "uplift": 32.10759823599376, "mds": 0, "mean_pred": 0.5005346339520694, "mean_true": 0.015118421770864084}, "validation.accumulative": {"cor": 0.1363117651665716, "r2": 0, "mann-w": 1.6078009521014204e-31, "uplift": 32.322708713147264, "mds": 0, "mean_pred": 0.5004659988841149, "mean_true": 0.015018767027383317}}