{"train": {"cor": 0.4811285763450674, "r2": 0, "mann-w": 0.0, "uplift": 83.44583340847217, "mds": 0, "mean_pred": 0.501160055892625, "mean_true": 0.005934692520215512}, "validation": {"cor": 0.473618913682416, "r2": 0, "mann-w": 0.0, "uplift": 80.20180928299777, "mds": 0, "mean_pred": 0.5012272705090145, "mean_true": 0.0061726120998385516}, "train.accumulative": {"cor": 0.48028018793665306, "r2": 0, "mann-w": 0.0, "uplift": 83.44336696109654, "mds": 0, "mean_pred": 0.5011454182858334, "mean_true": 0.005934692520215512}, "validation.accumulative": {"cor": 0.47238509838952153, "r2": 0, "mann-w": 0.0, "uplift": 80.20175407929486, "mds": 0, "mean_pred": 0.5012269297579699, "mean_true": 0.0061726120998385516}}