{"train": {"cor": 0.7353820525694907, "r2": 0, "mann-w": 4.1330162127762996e-24, "uplift": -0.2341014749398327, "mds": 0.7658985250601673, "mean_pred": 0.7187968482251195, "mean_true": 0.9385014133153636}, "validation": {"cor": -0.03017722563450128, "r2": 0, "mann-w": 1.1352044671862493e-07, "uplift": -0.22322842726189296, "mds": 0.776771572738107, "mean_pred": 0.7200039813176357, "mean_true": 0.9269185518461154}}