{"train": {"cor": NaN, "r2": 0, "mann-w": 1.7232165696936122e-286, "uplift": -0.25639856954030543, "mds": 0.7436014304596945, "mean_pred": 0.7265614675998515, "mean_true": 0.9770845480362929}, "validation": {"cor": NaN, "r2": 0, "mann-w": 4.048220021910242e-99, "uplift": -0.25788319142025823, "mds": 0.7421168085797418, "mean_pred": 0.7265614675998515, "mean_true": 0.9790392283262523}, "train.accumulative": {"cor": -0.1426436862132843, "r2": 0, "mann-w": 4.60199622397129e-251, "uplift": -0.3719370868503268, "mds": 0.6280629131496732, "mean_pred": 0.6136705676332059, "mean_true": 0.9770845480362929}, "validation.accumulative": {"cor": -0.14253491444568617, "r2": 0, "mann-w": 5.338159375890633e-87, "uplift": -0.36716340882708404, "mds": 0.6328365911729159, "mean_pred": 0.6195718478785477, "mean_true": 0.9790392283262523}}