{"train": {"cor": 0.940453873181566, "r2": 0, "mann-w": 0.1689218219889278, "uplift": 0.09652559965021566, "mds": 0.9034744003497843, "mean_pred": 0.6422693768597508, "mean_true": 0.5857313108463956}, "validation": {"cor": 0.7611619848157101, "r2": 0, "mann-w": 0.24572353461825752, "uplift": -0.08362170768407041, "mds": 0.9163782923159296, "mean_pred": 0.6651739421033129, "mean_true": 0.7258726528999754}}