{"train": {"cor": NaN, "r2": 0, "mann-w": 3.2324181387101225e-77, "uplift": -0.2665920547969754, "mds": 0.7334079452030247, "mean_pred": 0.7302377521376696, "mean_true": 0.9956774492475979}, "validation": {"cor": NaN, "r2": 0, "mann-w": 5.7319035787091114e-27, "uplift": -0.26619271539333333, "mds": 0.7338072846066667, "mean_pred": 0.7302377521376696, "mean_true": 0.9951355995724267}}