{"train": {"cor": 0.8341694381773114, "r2": 0, "mann-w": 2.0649659111822324e-120, "uplift": 5.212612281404447, "mds": 0, "mean_pred": 0.5195586376612094, "mean_true": 0.08362965756230259}, "validation": {"cor": 0.6552504025770118, "r2": 0, "mann-w": 3.361470480297403e-41, "uplift": 5.229523539623012, "mds": 0, "mean_pred": 0.5207703931371241, "mean_true": 0.08359714668782506}, "train.accumulative": {"cor": 0.8075643649671297, "r2": 0, "mann-w": 2.4603719264794175e-120, "uplift": 5.202551934364636, "mds": 0, "mean_pred": 0.518717294283312, "mean_true": 0.08362965756230259}, "validation.accumulative": {"cor": 0.6496695713968775, "r2": 0, "mann-w": 3.361470480297403e-41, "uplift": 5.223458233757909, "mds": 0, "mean_pred": 0.5202633508730126, "mean_true": 0.08359714668782506}}