{"train": {"cor": 0.6847606052892903, "r2": 0, "mann-w": 2.511184365294895e-174, "uplift": 1.4956535198305536, "mds": 0, "mean_pred": 0.5541826384418633, "mean_true": 0.22205912561111066}, "validation": {"cor": 0.5885016057479533, "r2": 0, "mann-w": 1.8462384839597045e-60, "uplift": 1.2348374152690436, "mds": 0, "mean_pred": 0.5578012164633281, "mean_true": 0.24959364500176698}, "train.accumulative": {"cor": 0.6883144101821491, "r2": 0, "mann-w": 6.062870723365314e-173, "uplift": 1.4825165735806478, "mds": 0, "mean_pred": 0.5512654596444091, "mean_true": 0.22205912561111066}, "validation.accumulative": {"cor": 0.5744298492434083, "r2": 0, "mann-w": 6.279186135187236e-60, "uplift": 1.2231848648724508, "mds": 0, "mean_pred": 0.5548928139362758, "mean_true": 0.24959364500176698}}