{"train": {"cor": 0.5012679962788293, "r2": 0, "mann-w": 5.900936133765841e-35, "uplift": 12.20653152677402, "mds": 0, "mean_pred": 0.5076189695561873, "mean_true": 0.03843696344699404}, "validation": {"cor": 0.4857195208673471, "r2": 0, "mann-w": 1.5052013618573488e-12, "uplift": 17.889319945829524, "mds": 0, "mean_pred": 0.5094743341231036, "mean_true": 0.02697155512131541}, "train.accumulative": {"cor": 0.5004933394661221, "r2": 0, "mann-w": 5.900936133765841e-35, "uplift": 12.202297453019828, "mds": 0, "mean_pred": 0.5074562246180656, "mean_true": 0.03843696344699404}, "validation.accumulative": {"cor": 0.485643585757727, "r2": 0, "mann-w": 1.5052013618573488e-12, "uplift": 17.886959852252236, "mds": 0, "mean_pred": 0.5094106787290924, "mean_true": 0.02697155512131541}}