{"train": {"cor": 0.6217802805125403, "r2": 0, "mann-w": 3.323538802548775e-15, "uplift": -0.2642673893427619, "mds": 0.7357326106572382, "mean_pred": 0.7294892233648824, "mean_true": 0.9915140538805554}, "validation": {"cor": 0.3579558999009321, "r2": 0, "mann-w": 3.7232106016126204e-06, "uplift": -0.26489043921578803, "mds": 0.735109560784212, "mean_pred": 0.7297536877841664, "mean_true": 0.9927141839995497}}