{"train": {"cor": 0.6000930882161425, "r2": 0, "mann-w": 8.187921928004783e-68, "uplift": -0.1836792507824104, "mds": 0.8163207492175896, "mean_pred": 0.7046822216355658, "mean_true": 0.8632418351621899}, "validation": {"cor": 0.4050013613133044, "r2": 0, "mann-w": 2.434178362213435e-24, "uplift": -0.1699742283726752, "mds": 0.8300257716273248, "mean_pred": 0.7048855401695653, "mean_true": 0.8492333181264804}}