{"train": {"cor": 0.8463953854747327, "r2": 0, "mann-w": 2.945365662413553e-09, "uplift": 0.175659727155524, "mds": 0.824340272844476, "mean_pred": 0.6320988409148636, "mean_true": 0.5376545834773205}, "validation": {"cor": 0.634844576436254, "r2": 0, "mann-w": 4.008252652043327e-05, "uplift": 0.19678296326346084, "mds": 0.8032170367365392, "mean_pred": 0.6238511861530344, "mean_true": 0.5212734516640167}, "train.accumulative": {"cor": 0.8505829677686254, "r2": 0, "mann-w": 2.256697579585405e-06, "uplift": 0.1415859374607999, "mds": 0.8584140625392, "mean_pred": 0.6137789117090529, "mean_true": 0.5376545834773205}, "validation.accumulative": {"cor": 0.6219139764813018, "r2": 0, "mann-w": 0.0006246929562514222, "uplift": 0.16557887874370572, "mds": 0.8344211212562943, "mean_pred": 0.6075853253094059, "mean_true": 0.5212734516640167}}