{"train": {"cor": NaN, "r2": 0, "mann-w": 3.033828649780026e-162, "uplift": 8474.249999999927, "mds": 0, "mean_pred": 0.5000147492625326, "mean_true": 5.899705014749263e-05}, "validation": {"cor": NaN, "r2": 0, "mann-w": 5.465802413867236e-55, "uplift": 8474.249999999927, "mds": 0, "mean_pred": 0.5000147492625326, "mean_true": 5.899705014749263e-05}, "train.accumulative": {"cor": 0.04389438604800256, "r2": 0, "mann-w": 7.375221798640886e-140, "uplift": 8474.24995639779, "mds": 0, "mean_pred": 0.5000147466901352, "mean_true": 5.899705014749263e-05}, "validation.accumulative": {"cor": 0.05138488104619671, "r2": 0, "mann-w": 1.3394357759058114e-47, "uplift": 8474.249920024848, "mds": 0, "mean_pred": 0.5000147445442389, "mean_true": 5.899705014749263e-05}}