{"train": {"cor": 0.8726024571502097, "r2": 0, "mann-w": 1.184320164195505e-08, "uplift": 8474.354860817704, "mds": 0, "mean_pred": 0.5000209357410693, "mean_true": 5.899705014744683e-05}, "validation": {"cor": 0.9895780978057133, "r2": 0, "mann-w": 0.0020894529303756345, "uplift": 8474.081259586548, "mds": 0, "mean_pred": 0.5000047940755145, "mean_true": 5.899705014744683e-05}, "train.accumulative": {"cor": 0.8726024571502097, "r2": 0, "mann-w": 1.184320164195505e-08, "uplift": 8474.354860817704, "mds": 0, "mean_pred": 0.5000209357410693, "mean_true": 5.899705014744683e-05}, "validation.accumulative": {"cor": 0.9895780978057133, "r2": 0, "mann-w": 0.0020894529303756345, "uplift": 8474.081259586548, "mds": 0, "mean_pred": 0.5000047940755145, "mean_true": 5.899705014744683e-05}}