{"train": {"cor": 0.5708543097534733, "r2": 0, "mann-w": 1.768854516661387e-56, "uplift": -0.2689692482832857, "mds": 0.7310307517167143, "mean_pred": 0.7309876230587959, "mean_true": 0.9999410029498526}, "validation": {"cor": 0.4717139528048803, "r2": 0, "mann-w": 6.523459787019897e-16, "uplift": -0.26905473127195745, "mds": 0.7309452687280426, "mean_pred": 0.7309021451133684, "mean_true": 0.9999410029498526}}