{"train": {"cor": 0.29884776751852277, "r2": 0, "mann-w": 2.7268447870766117e-38, "uplift": -0.250423096848923, "mds": 0.7495769031510771, "mean_pred": 0.7286785752299083, "mean_true": 0.9721198347583602}, "validation": {"cor": -0.08204584039445768, "r2": 0, "mann-w": 3.038868711247176e-15, "uplift": -0.255549884440871, "mds": 0.744450115559129, "mean_pred": 0.7306337198875245, "mean_true": 0.9814408039130633}, "train.accumulative": {"cor": 0.1071664467909867, "r2": 0, "mann-w": 3.232630771898538e-39, "uplift": -0.3594216801643076, "mds": 0.6405783198356925, "mean_pred": 0.6227188904284613, "mean_true": 0.9721198347583602}, "validation.accumulative": {"cor": -6.189437096112277e-05, "r2": 0, "mann-w": 3.038868711247176e-15, "uplift": -0.3606034861593145, "mds": 0.6393965138406855, "mean_pred": 0.6275298285630125, "mean_true": 0.9814408039130633}}