{"train": {"cor": 0.646074164837286, "r2": 0, "mann-w": 8.00484911204299e-23, "uplift": 0.6243476369163398, "mds": 0.37565236308366023, "mean_pred": 0.5924901331623663, "mean_true": 0.3647557454432286}, "validation": {"cor": 0.6045777599426481, "r2": 0, "mann-w": 6.42606463210037e-13, "uplift": 1.2733678054560718, "mds": 0, "mean_pred": 0.5824257092342408, "mean_true": 0.25619510746849755}, "train.accumulative": {"cor": 0.4585178080111179, "r2": 0, "mann-w": 3.4065101727145066e-16, "uplift": 0.4582195584493923, "mds": 0.5417804415506078, "mean_pred": 0.5318939620621037, "mean_true": 0.3647557454432286}, "validation.accumulative": {"cor": 0.597377731623673, "r2": 0, "mann-w": 3.412306105927991e-11, "uplift": 1.044653454784151, "mds": 0, "mean_pred": 0.5238302115842604, "mean_true": 0.25619510746849755}}