{"train": {"cor": 0.577124190547805, "r2": 0, "mann-w": 6.6191002403261495e-118, "uplift": 8474.41769006471, "mds": 0, "mean_pred": 0.5000246424813057, "mean_true": 5.899705014744683e-05}, "validation": {"cor": 0.50576584444369, "r2": 0, "mann-w": 4.794844665520479e-38, "uplift": 8474.450899603251, "mds": 0, "mean_pred": 0.5000266017461164, "mean_true": 5.899705014744683e-05}, "train.accumulative": {"cor": 0.577124190547805, "r2": 0, "mann-w": 6.6191002403261495e-118, "uplift": 8474.41769006471, "mds": 0, "mean_pred": 0.5000246424813057, "mean_true": 5.899705014744683e-05}, "validation.accumulative": {"cor": 0.50576584444369, "r2": 0, "mann-w": 4.794844665520479e-38, "uplift": 8474.450899603251, "mds": 0, "mean_pred": 0.5000266017461164, "mean_true": 5.899705014744683e-05}}