{"train": {"cor": NaN, "r2": 0, "mann-w": 8.90852044927385e-26, "uplift": -0.25885360680328157, "mds": 0.7411463931967184, "mean_pred": 0.7273949952087425, "mean_true": 0.9814457735823778}, "validation": {"cor": NaN, "r2": 0, "mann-w": 1.6527685709226967e-09, "uplift": -0.25327616331054986, "mds": 0.7467238366894502, "mean_pred": 0.7273949952087425, "mean_true": 0.9741151406570858}, "train.accumulative": {"cor": -0.23204386509542202, "r2": 0, "mann-w": 8.540612552406504e-23, "uplift": -0.2674944107115474, "mds": 0.7325055892884527, "mean_pred": 0.7189145147326209, "mean_true": 0.9814457735823778}, "validation.accumulative": {"cor": -0.08467692588395097, "r2": 0, "mann-w": 1.562699999200436e-08, "uplift": -0.2799420323615009, "mds": 0.720057967638499, "mean_pred": 0.7014193684274319, "mean_true": 0.9741151406570858}}