{"train": {"cor": NaN, "r2": 0, "mann-w": 9.768538418807499e-72, "uplift": 287.9307201696724, "mds": 0, "mean_pred": 0.5004263138024094, "mean_true": 0.001731994138624435}, "validation": {"cor": NaN, "r2": 0, "mann-w": 7.719403312124461e-26, "uplift": 188.40178346432583, "mds": 0, "mean_pred": 0.5004263138024094, "mean_true": 0.0026421415081166097}, "train.accumulative": {"cor": 0.06814905995243849, "r2": 0, "mann-w": 5.258069169895145e-63, "uplift": 287.930018322999, "mds": 0, "mean_pred": 0.5004250982080849, "mean_true": 0.001731994138624435}, "validation.accumulative": {"cor": -0.20117456652741988, "r2": 0, "mann-w": 7.652521423175134e-23, "uplift": 188.40124366440583, "mds": 0, "mean_pred": 0.5004248875746347, "mean_true": 0.0026421415081166097}}