{"train": {"cor": 0.6517047572982207, "r2": 0, "mann-w": 1.1855994707687858e-48, "uplift": -0.2689454868272235, "mds": 0.7310545131727765, "mean_pred": 0.7310113831130023, "mean_true": 0.9999410029498526}, "validation": {"cor": 0.488044776365628, "r2": 0, "mann-w": 1.0341449022998922e-19, "uplift": -0.2690429111471, "mds": 0.7309570888529, "mean_pred": 0.7309139645408733, "mean_true": 0.9999410029498526}}