{"train": {"cor": NaN, "r2": 0, "mann-w": 2.1376214088617443e-26, "uplift": 8474.249999999927, "mds": 0, "mean_pred": 0.5000147492625326, "mean_true": 5.899705014749263e-05}, "validation": {"cor": NaN, "r2": 0, "mann-w": 1.3506188263604e-09, "uplift": 877.166210260467, "mds": 0, "mean_pred": 0.5000147492625326, "mean_true": 0.0005693850929589134}, "train.accumulative": {"cor": 0.24321083558461726, "r2": 0, "mann-w": 2.087054562549003e-24, "uplift": 8474.249985250664, "mds": 0, "mean_pred": 0.5000147483923696, "mean_true": 5.899705014749263e-05}, "validation.accumulative": {"cor": -0.5539410228660141, "r2": 0, "mann-w": 1.3383452183180147e-08, "uplift": 877.1661847850038, "mds": 0, "mean_pred": 0.5000147347571837, "mean_true": 0.0005693850929589134}}