{"train": {"cor": 0.9404538731815658, "r2": 0, "mann-w": 0.0006370037137588011, "uplift": 0.45372238875122073, "mds": 0.5462776112487793, "mean_pred": 0.6022316683812147, "mean_true": 0.4142686891536044}, "validation": {"cor": 0.7611619848157102, "r2": 0, "mann-w": 0.00044276658288533037, "uplift": 1.1072467744332835, "mds": 0, "mean_pred": 0.57765396796048, "mean_true": 0.2741273471000246}, "train.accumulative": {"cor": 0.923492804509211, "r2": 0, "mann-w": 0.004681514431108823, "uplift": 0.4159188484625582, "mds": 0.5840811515374418, "mean_pred": 0.586570845300465, "mean_true": 0.4142686891536044}, "validation.accumulative": {"cor": 0.43215628055568606, "r2": 0, "mann-w": 0.0006883721482968904, "uplift": 1.024314287844156, "mds": 0, "mean_pred": 0.5549199054233941, "mean_true": 0.2741273471000246}}