{"train": {"cor": 0.8341694381773116, "r2": 0, "mann-w": 1.1514460889319989e-96, "uplift": -0.21931829698655017, "mds": 0.7806817030134499, "mean_pred": 0.7153935595252798, "mean_true": 0.9163703424376974}, "validation": {"cor": 0.6552504025769926, "r2": 0, "mann-w": 3.3628685068569945e-31, "uplift": -0.22042580391396904, "mds": 0.779574196086031, "mean_pred": 0.7144040176617837, "mean_true": 0.916402853312175}}