{"train": {"cor": 0.29299501758605023, "r2": 0, "mann-w": 2.3075882678538614e-46, "uplift": -0.23804341723500033, "mds": 0.7619565827649997, "mean_pred": 0.7287525290335297, "mean_true": 0.9564226433860856}, "validation": {"cor": 0.14580235937672686, "r2": 0, "mann-w": 1.2534688232996516e-14, "uplift": -0.23989314231671197, "mds": 0.760106857683288, "mean_pred": 0.7292311477180036, "mean_true": 0.9593797771284556}}