{"train": {"cor": 0.551008932114077, "r2": 0, "mann-w": 3.4066240393894173e-35, "uplift": 8475.90894028664, "mds": 0, "mean_pred": 0.5001126218454313, "mean_true": 5.899705014744683e-05}, "validation": {"cor": 0.6102901758434056, "r2": 0, "mann-w": 3.607019712405009e-14, "uplift": 8479.984272249976, "mds": 0, "mean_pred": 0.5003530544096397, "mean_true": 5.899705014744683e-05}, "train.accumulative": {"cor": 0.551008932114077, "r2": 0, "mann-w": 3.4066240393894173e-35, "uplift": 8475.90894028664, "mds": 0, "mean_pred": 0.5001126218454313, "mean_true": 5.899705014744683e-05}, "validation.accumulative": {"cor": 0.6102901758434056, "r2": 0, "mann-w": 3.607019712405009e-14, "uplift": 8479.984272249976, "mds": 0, "mean_pred": 0.5003530544096397, "mean_true": 5.899705014744683e-05}}