{"train": {"cor": 0.8081496994666281, "r2": 0, "mann-w": 2.379013010806635e-25, "uplift": 8474.250000006507, "mds": 0, "mean_pred": 0.5000147492625326, "mean_true": 5.899705014744683e-05}, "validation": {"cor": 0.5465101118684272, "r2": 0, "mann-w": 8.985135074515581e-10, "uplift": 8474.732130066315, "mds": 0, "mean_pred": 0.5000431935138487, "mean_true": 5.899705014744683e-05}, "train.accumulative": {"cor": 0.8081496994666281, "r2": 0, "mann-w": 2.379013010806635e-25, "uplift": 8474.250000006507, "mds": 0, "mean_pred": 0.5000147492625326, "mean_true": 5.899705014744683e-05}, "validation.accumulative": {"cor": 0.5465101118684272, "r2": 0, "mann-w": 8.985135074515581e-10, "uplift": 8474.732130066315, "mds": 0, "mean_pred": 0.5000431935138487, "mean_true": 5.899705014744683e-05}}