{"train": {"cor": NaN, "r2": 0, "mann-w": 7.627303742218817e-15, "uplift": 40.279525609857565, "mds": 0, "mean_pred": 0.5030465485961984, "mean_true": 0.012186345195693591}, "validation": {"cor": NaN, "r2": 0, "mann-w": 1.2461108616547312e-05, "uplift": 60.075461735320275, "mds": 0, "mean_pred": 0.5030465485961984, "mean_true": 0.008236475571420588}, "train.accumulative": {"cor": 0.5998097846816122, "r2": 0, "mann-w": 3.2577110620876104e-13, "uplift": 40.27803728398015, "mds": 0, "mean_pred": 0.5030284113432925, "mean_true": 0.012186345195693591}, "validation.accumulative": {"cor": 0.7865708495455901, "r2": 0, "mann-w": 4.0007099926356576e-05, "uplift": 60.06750455850602, "mds": 0, "mean_pred": 0.5029810095037502, "mean_true": 0.008236475571420588}}