{"train": {"cor": 0.22170630613740325, "r2": 0, "mann-w": 5.434612491948365e-113, "uplift": 22.677015042935647, "mds": 0, "mean_pred": 0.5032120084676415, "mean_true": 0.02125318616198546}, "validation": {"cor": 0.18967568738701554, "r2": 0, "mann-w": 7.590156138183789e-37, "uplift": 21.06544465872215, "mds": 0, "mean_pred": 0.5027785979963374, "mean_true": 0.022785790441689394}, "train.accumulative": {"cor": 0.13066629593825765, "r2": 0, "mann-w": 5.787793440339093e-113, "uplift": 22.54938955529132, "mds": 0, "mean_pred": 0.5004995602197224, "mean_true": 0.02125318616198546}, "validation.accumulative": {"cor": 0.07368753008641309, "r2": 0, "mann-w": 8.517037958768241e-37, "uplift": 20.965460816292723, "mds": 0, "mean_pred": 0.5005003871151856, "mean_true": 0.022785790441689394}}