{"train": {"cor": 0.8841344921884262, "r2": 0, "mann-w": 1.8438533167526663e-16, "uplift": 8474.250000006507, "mds": 0, "mean_pred": 0.5000147492625326, "mean_true": 5.899705014744683e-05}, "validation": {"cor": -0.16183269274919043, "r2": 0, "mann-w": 5.685269915952945e-06, "uplift": 8476.986109008041, "mds": 0, "mean_pred": 0.500176171622505, "mean_true": 5.899705014744683e-05}, "train.accumulative": {"cor": 0.8841344921884262, "r2": 0, "mann-w": 1.8438533167526663e-16, "uplift": 8474.250000006507, "mds": 0, "mean_pred": 0.5000147492625326, "mean_true": 5.899705014744683e-05}, "validation.accumulative": {"cor": -0.16183269274919043, "r2": 0, "mann-w": 5.685269915952945e-06, "uplift": 8476.986109008041, "mds": 0, "mean_pred": 0.500176171622505, "mean_true": 5.899705014744683e-05}}