{"train": {"cor": 0.9656843259626826, "r2": 0, "mann-w": 0.11273268549632115, "uplift": -0.022007086835855366, "mds": 0.9779929131641446, "mean_pred": 0.6672195164513479, "mean_true": 0.6822334880655346}, "validation": {"cor": 0.5905450169139953, "r2": 0, "mann-w": 0.31519114590478475, "uplift": 0.0046732501150636065, "mds": 0.9953267498849364, "mean_pred": 0.659474380078015, "mean_true": 0.6564068267991473}, "train.accumulative": {"cor": 0.945053405675567, "r2": 0, "mann-w": 0.04626754880529069, "uplift": -0.05296733628583066, "mds": 0.9470326637141694, "mean_pred": 0.6460973974777122, "mean_true": 0.6822334880655346}, "validation.accumulative": {"cor": 0.5581802924167514, "r2": 0, "mann-w": 0.18936912594326522, "uplift": -0.012255140246151286, "mds": 0.9877448597538487, "mean_pred": 0.6483624690781926, "mean_true": 0.6564068267991473}}