{"train": {"cor": 0.417994921987832, "r2": 0, "mann-w": 6.315973575632643e-79, "uplift": -0.2578367324186334, "mds": 0.7421632675813665, "mean_pred": 0.7282774154864957, "mean_true": 0.9812900305075413}, "validation": {"cor": 0.35199209912086676, "r2": 0, "mann-w": 4.401827157285882e-28, "uplift": -0.25647943922182087, "mds": 0.7435205607781792, "mean_pred": 0.7288952466371525, "mean_true": 0.9803296439768666}}