{"train": {"cor": 0.5955358635222139, "r2": 0, "mann-w": 6.396090227128095e-08, "uplift": -0.13251598811441498, "mds": 0.867484011885585, "mean_pred": 0.6938821610341024, "mean_true": 0.7998789044259879}, "validation": {"cor": 0.1465054744930836, "r2": 0, "mann-w": 0.00834754084759752, "uplift": -0.08948375707176698, "mds": 0.910516242928233, "mean_pred": 0.6869076750010833, "mean_true": 0.7544156189811382}}