{"train": {"cor": NaN, "r2": 0, "mann-w": 1.0721274479600792e-95, "uplift": 19.82622148225426, "mds": 0, "mean_pred": 0.5060597432784955, "mean_true": 0.02429916265462278}, "validation": {"cor": NaN, "r2": 0, "mann-w": 2.7772768419821318e-33, "uplift": 18.22554291184268, "mds": 0, "mean_pred": 0.5060597432784955, "mean_true": 0.026322260213872524}, "train.accumulative": {"cor": -0.05402580664155752, "r2": 0, "mann-w": 5.204131647567913e-84, "uplift": 19.713010739155077, "mds": 0, "mean_pred": 0.5033088170176776, "mean_true": 0.02429916265462278}, "validation.accumulative": {"cor": 0.01432052575273695, "r2": 0, "mann-w": 2.2725468672201233e-29, "uplift": 18.117093096243714, "mds": 0, "mean_pred": 0.503205099012153, "mean_true": 0.026322260213872524}}