{"train": {"cor": NaN, "r2": 0, "mann-w": 1.2632851414622095e-27, "uplift": 26.497927797235462, "mds": 0, "mean_pred": 0.5045873749129481, "mean_true": 0.01835001454050212}, "validation": {"cor": NaN, "r2": 0, "mann-w": 5.686308915520503e-10, "uplift": 27.112137054990608, "mds": 0, "mean_pred": 0.5045873749129481, "mean_true": 0.0179490934440849}, "train.accumulative": {"cor": 0.41976348978508704, "r2": 0, "mann-w": 2.241748829521461e-24, "uplift": 26.316813551777496, "mds": 0, "mean_pred": 0.5012639258753024, "mean_true": 0.01835001454050212}, "validation.accumulative": {"cor": 0.245891651272514, "r2": 0, "mann-w": 6.25005653725559e-09, "uplift": 26.938672998973978, "mds": 0, "mean_pred": 0.5014738523623157, "mean_true": 0.0179490934440849}}