{"train": {"cor": 0.4958811131471119, "r2": 0, "mann-w": 5.2607944255525086e-12, "uplift": 1059.861163797954, "mds": 0, "mean_pred": 0.5001676237812547, "mean_true": 0.00047147321520435437}, "validation": {"cor": 0.7431437737354467, "r2": 0, "mann-w": 0.0006382187369708952, "uplift": 21.04555767193102, "mds": 0, "mean_pred": 0.5040780975875202, "mean_true": 0.022865291279490996}, "train.accumulative": {"cor": 0.4958811131471119, "r2": 0, "mann-w": 5.2607944255525086e-12, "uplift": 1059.861163797954, "mds": 0, "mean_pred": 0.5001676237812547, "mean_true": 0.00047147321520435437}, "validation.accumulative": {"cor": 0.7431437737354467, "r2": 0, "mann-w": 0.0006382187369708952, "uplift": 21.04555767193102, "mds": 0, "mean_pred": 0.5040780975875202, "mean_true": 0.022865291279490996}}