{"train": {"cor": NaN, "r2": 0, "mann-w": 8.1082176759748e-50, "uplift": 21.610078091654554, "mds": 0, "mean_pred": 0.5055408831594335, "mean_true": 0.02235909496243757}, "validation": {"cor": NaN, "r2": 0, "mann-w": 2.847602685620908e-18, "uplift": 23.72104050204453, "mds": 0, "mean_pred": 0.5055408831594335, "mean_true": 0.020449822211877494}, "train.accumulative": {"cor": 0.15753176002792715, "r2": 0, "mann-w": 7.628674269813174e-44, "uplift": 21.470396421076124, "mds": 0, "mean_pred": 0.5024177274224584, "mean_true": 0.02235909496243757}, "validation.accumulative": {"cor": 0.29833195088237646, "r2": 0, "mann-w": 3.239186442128627e-16, "uplift": 23.551782194665964, "mds": 0, "mean_pred": 0.5020795808656584, "mean_true": 0.020449822211877494}}