{"train": {"cor": NaN, "r2": 0, "mann-w": 2.0999221091595516e-28, "uplift": -0.2560081190308438, "mds": 0.7439918809691561, "mean_pred": 0.7263786025690497, "mean_true": 0.9763259803626316}, "validation": {"cor": NaN, "r2": 0, "mann-w": 2.828778722306536e-10, "uplift": -0.2624388649930044, "mds": 0.7375611350069956, "mean_pred": 0.7263786025690497, "mean_true": 0.9848385009632594}, "train.accumulative": {"cor": -0.1065801060492136, "r2": 0, "mann-w": 4.260695504803097e-25, "uplift": -0.25893361775135565, "mds": 0.7410663822486443, "mean_pred": 0.7235223621626964, "mean_true": 0.9763259803626316}, "validation.accumulative": {"cor": -0.5473473927075087, "r2": 0, "mann-w": 3.3184428214986893e-09, "uplift": -0.26631116388872456, "mds": 0.7336888361112754, "mean_pred": 0.722565013529307, "mean_true": 0.9848385009632594}}