{"train": {"cor": NaN, "r2": 0, "mann-w": 2.089229210300619e-28, "uplift": -0.26586481979031323, "mds": 0.7341351802096867, "mean_pred": 0.729931205224998, "mean_true": 0.9942735682773192}, "validation": {"cor": NaN, "r2": 0, "mann-w": 2.828778722306536e-10, "uplift": -0.2677594205633535, "mds": 0.7322405794366464, "mean_pred": 0.729931205224998, "mean_true": 0.9968461537416771}}