{"train": {"cor": 0.6553848067896885, "r2": 0, "mann-w": 5.360961350531047e-71, "uplift": -0.1091799355431801, "mds": 0.8908200644568199, "mean_pred": 0.6901255315333087, "mean_true": 0.7747081134214402}, "validation": {"cor": 0.6451673096235953, "r2": 0, "mann-w": 3.4091929989952777e-31, "uplift": -0.12353614779819182, "mds": 0.8764638522018082, "mean_pred": 0.690726971933482, "mean_true": 0.7880838099577896}}