{"train": {"cor": 0.887432096051406, "r2": 0, "mann-w": 4.158218408348045e-08, "uplift": 0.2804397586471281, "mds": 0.7195602413528719, "mean_pred": 0.6186075428821259, "mean_true": 0.48312116107338543}, "validation": {"cor": 0.7884233441626646, "r2": 0, "mann-w": 0.008664597205977427, "uplift": 0.20269814080776624, "mds": 0.7973018591922337, "mean_pred": 0.6127562457571938, "mean_true": 0.5094846536851294}, "train.accumulative": {"cor": 0.8177895296927776, "r2": 0, "mann-w": 2.4031989977475838e-05, "uplift": 0.22471278169286105, "mds": 0.775287218307139, "mean_pred": 0.5916846610728707, "mean_true": 0.48312116107338543}, "validation.accumulative": {"cor": 0.6811664240781765, "r2": 0, "mann-w": 0.061053701783371744, "uplift": 0.13082950423853043, "mds": 0.8691704957614695, "mean_pred": 0.5761402783438943, "mean_true": 0.5094846536851294}}