{"train": {"cor": 0.49812138052234534, "r2": 0, "mann-w": 5.854543574301274e-118, "uplift": -0.2556138998578609, "mds": 0.744386100142139, "mean_pred": 0.7277564715756994, "mean_true": 0.9776599421143621}, "validation": {"cor": 0.3765412047873215, "r2": 0, "mann-w": 1.3927664614294985e-40, "uplift": -0.25726224015881244, "mds": 0.7427377598411875, "mean_pred": 0.7270931627475963, "mean_true": 0.9789365803928746}}