{"train": {"cor": 0.32007005497794666, "r2": 0, "mann-w": 2.1053594465651823e-95, "uplift": 32.632618022653105, "mds": 0, "mean_pred": 0.5008578251838818, "mean_true": 0.014892026093434985}, "validation": {"cor": 0.17621485325167047, "r2": 0, "mann-w": 3.943564555225056e-34, "uplift": 25.881899747984907, "mds": 0, "mean_pred": 0.5009314134631234, "mean_true": 0.018634524276903968}, "train.accumulative": {"cor": 0.25449882495102505, "r2": 0, "mann-w": 2.2132560517738266e-95, "uplift": 32.596449922833216, "mds": 0, "mean_pred": 0.500319208897614, "mean_true": 0.014892026093434985}, "validation.accumulative": {"cor": 0.21238428209623855, "r2": 0, "mann-w": 3.943564555225056e-34, "uplift": 25.855545699301288, "mds": 0, "mean_pred": 0.5004403183031338, "mean_true": 0.018634524276903968}}