{"train": {"cor": NaN, "r2": 0, "mann-w": 5.1380343926073445e-18, "uplift": 8474.249999999927, "mds": 0, "mean_pred": 0.5000147492625326, "mean_true": 5.899705014749263e-05}, "validation": {"cor": NaN, "r2": 0, "mann-w": 2.618220209293012e-07, "uplift": 8474.249999999927, "mds": 0, "mean_pred": 0.5000147492625326, "mean_true": 5.899705014749263e-05}, "train.accumulative": {"cor": 0.19581313663860023, "r2": 0, "mann-w": 6.856376233542466e-16, "uplift": 8474.249984710332, "mds": 0, "mean_pred": 0.5000147483604915, "mean_true": 5.899705014749263e-05}, "validation.accumulative": {"cor": 0.16396657703410097, "r2": 0, "mann-w": 1.5338580280621411e-06, "uplift": 8474.249956152058, "mds": 0, "mean_pred": 0.5000147466756377, "mean_true": 5.899705014749263e-05}}