{"train": {"cor": NaN, "r2": 0, "mann-w": 1.3713667899688694e-146, "uplift": 8474.250000006507, "mds": 0, "mean_pred": 0.5000147492625326, "mean_true": 5.899705014744683e-05}, "validation": {"cor": NaN, "r2": 0, "mann-w": 2.5018834749234996e-51, "uplift": 8474.250000006507, "mds": 0, "mean_pred": 0.5000147492625326, "mean_true": 5.899705014744683e-05}, "train.accumulative": {"cor": NaN, "r2": 0, "mann-w": 1.3713667899688694e-146, "uplift": 8474.250000006507, "mds": 0, "mean_pred": 0.5000147492625326, "mean_true": 5.899705014744683e-05}, "validation.accumulative": {"cor": NaN, "r2": 0, "mann-w": 2.5018834749234996e-51, "uplift": 8474.250000006507, "mds": 0, "mean_pred": 0.5000147492625326, "mean_true": 5.899705014744683e-05}}