{"train": {"cor": 0.45491089630064335, "r2": 0, "mann-w": 7.290451703034965e-95, "uplift": 7.363514280419623, "mds": 0, "mean_pred": 0.50900358756366, "mean_true": 0.06086001296791255}, "validation": {"cor": 0.3847569903830551, "r2": 0, "mann-w": 1.3409741657851308e-33, "uplift": 5.875082173835775, "mds": 0, "mean_pred": 0.5095289441179635, "mean_true": 0.07411241512967763}, "train.accumulative": {"cor": 0.44288765024938587, "r2": 0, "mann-w": 8.533146229656201e-95, "uplift": 7.351361239944129, "mds": 0, "mean_pred": 0.5082639533627219, "mean_true": 0.06086001296791255}, "validation.accumulative": {"cor": 0.36393889541431745, "r2": 0, "mann-w": 1.4673419441746412e-33, "uplift": 5.873389250486987, "mds": 0, "mean_pred": 0.5094034774799554, "mean_true": 0.07411241512967763}}