{"train": {"cor": 0.7531560082404837, "r2": 0, "mann-w": 3.8161478120018604e-118, "uplift": 2.449131836611804, "mds": 0, "mean_pred": 0.5387842749654228, "mean_true": 0.15620866365452948}, "validation": {"cor": 0.5611594428920621, "r2": 0, "mann-w": 1.0576784949380879e-39, "uplift": 2.238900121101313, "mds": 0, "mean_pred": 0.5389264174104058, "mean_true": 0.16639179883915542}, "train.accumulative": {"cor": 0.7532331755645078, "r2": 0, "mann-w": 3.846616018524184e-118, "uplift": 2.4487818615184143, "mds": 0, "mean_pred": 0.538729605823772, "mean_true": 0.15620866365452948}, "validation.accumulative": {"cor": 0.5597906371228937, "r2": 0, "mann-w": 1.0576784949380879e-39, "uplift": 2.2345339728699445, "mds": 0, "mean_pred": 0.53819992615219, "mean_true": 0.16639179883915542}}