{"train": {"cor": NaN, "r2": 0, "mann-w": 1.1027835471581746e-110, "uplift": 8474.249999999927, "mds": 0, "mean_pred": 0.5000147492625326, "mean_true": 5.899705014749263e-05}, "validation": {"cor": NaN, "r2": 0, "mann-w": 4.098410397649437e-39, "uplift": 8474.249999999927, "mds": 0, "mean_pred": 0.5000147492625326, "mean_true": 5.899705014749263e-05}, "train.accumulative": {"cor": 0.046628110330502695, "r2": 0, "mann-w": 4.593719911647043e-96, "uplift": 8474.249753285145, "mds": 0, "mean_pred": 0.5000147347070882, "mean_true": 5.899705014749263e-05}, "validation.accumulative": {"cor": 0.06988232247751228, "r2": 0, "mann-w": 4.764744251677566e-34, "uplift": 8474.24980249871, "mds": 0, "mean_pred": 0.5000147376105435, "mean_true": 5.899705014749263e-05}}