{"train": {"cor": 0.8194135234562054, "r2": 0, "mann-w": 6.857738972154614e-16, "uplift": 8474.250000006507, "mds": 0, "mean_pred": 0.5000147492625326, "mean_true": 5.899705014744683e-05}, "validation": {"cor": -0.18200836443780546, "r2": 0, "mann-w": 4.638548816086907e-07, "uplift": 8474.621895234255, "mds": 0, "mean_pred": 0.5000366899839337, "mean_true": 5.899705014744683e-05}, "train.accumulative": {"cor": 0.8194135234562054, "r2": 0, "mann-w": 6.857738972154614e-16, "uplift": 8474.250000006507, "mds": 0, "mean_pred": 0.5000147492625326, "mean_true": 5.899705014744683e-05}, "validation.accumulative": {"cor": -0.18200836443780546, "r2": 0, "mann-w": 4.638548816086907e-07, "uplift": 8474.621895234255, "mds": 0, "mean_pred": 0.5000366899839337, "mean_true": 5.899705014744683e-05}}