{"train": {"cor": 0.26976403885555966, "r2": 0, "mann-w": 1.9833563855915315e-86, "uplift": -0.2582001913103949, "mds": 0.7417998086896052, "mean_pred": 0.7305849663122894, "mean_true": 0.984881578229136}, "validation": {"cor": 0.13674869106434084, "r2": 0, "mann-w": 1.6078009521014204e-31, "uplift": -0.2581733024920672, "mds": 0.7418266975079328, "mean_pred": 0.730685375163368, "mean_true": 0.9849812329726166}, "train.accumulative": {"cor": -0.14866405764535537, "r2": 0, "mann-w": 1.2760734995913608e-86, "uplift": -0.2653862016622334, "mds": 0.7346137983377665, "mean_pred": 0.7235075970957998, "mean_true": 0.984881578229136}, "validation.accumulative": {"cor": 0.037219170708251176, "r2": 0, "mann-w": 1.6078009521014204e-31, "uplift": -0.264421692310513, "mds": 0.7355783076894871, "mean_pred": 0.7245308284559017, "mean_true": 0.9849812329726166}}