{"train": {"cor": NaN, "r2": 0, "mann-w": 4.0828140812088044e-17, "uplift": 26.7363508666154, "mds": 0, "mean_pred": 0.5043416814894688, "mean_true": 0.018183418717006315}, "validation": {"cor": NaN, "r2": 0, "mann-w": 8.426647683276457e-07, "uplift": 18.061178454070422, "mds": 0, "mean_pred": 0.5043416814894688, "mean_true": 0.026459102867365948}, "train.accumulative": {"cor": -0.1259335767337093, "r2": 0, "mann-w": 3.323538802548775e-15, "uplift": 26.712484637241396, "mds": 0, "mean_pred": 0.5039077118475651, "mean_true": 0.018183418717006315}, "validation.accumulative": {"cor": -0.44974276984030237, "r2": 0, "mann-w": 3.7339217844353662e-06, "uplift": 18.05678620704205, "mds": 0, "mean_pred": 0.5042254665735262, "mean_true": 0.026459102867365948}}