{"train": {"cor": 0.42236496366761056, "r2": 0, "mann-w": 2.503744497262749e-122, "uplift": 8474.524951867585, "mds": 0, "mean_pred": 0.5000309706112688, "mean_true": 5.899705014744683e-05}, "validation": {"cor": 0.4475223990225351, "r2": 0, "mann-w": 5.819202567612741e-42, "uplift": 8474.540062645608, "mds": 0, "mean_pred": 0.5000318621025976, "mean_true": 5.899705014744683e-05}, "train.accumulative": {"cor": 0.42236496366761056, "r2": 0, "mann-w": 2.503744497262749e-122, "uplift": 8474.524951867585, "mds": 0, "mean_pred": 0.5000309706112688, "mean_true": 5.899705014744683e-05}, "validation.accumulative": {"cor": 0.4475223990225351, "r2": 0, "mann-w": 5.819202567612741e-42, "uplift": 8474.540062645608, "mds": 0, "mean_pred": 0.5000318621025976, "mean_true": 5.899705014744683e-05}}