{"train": {"cor": 0.4952761157479966, "r2": 0, "mann-w": 2.776359148754597e-235, "uplift": -0.24629150210176998, "mds": 0.75370849789823, "mean_pred": 0.7240661317208439, "mean_true": 0.9606713122380257}, "validation": {"cor": 0.5617637294209401, "r2": 0, "mann-w": 1.2995715300197492e-77, "uplift": -0.24870039948575473, "mds": 0.7512996005142453, "mean_pred": 0.7247257869135324, "mean_true": 0.9646295384923355}}