{"train": {"cor": 0.6824010118843653, "r2": 0, "mann-w": 0.0, "uplift": 7.6165288175779855, "mds": 0, "mean_pred": 0.5148985990548817, "mean_true": 0.059757079672788024}, "validation": {"cor": 0.6961844410745515, "r2": 0, "mann-w": 0.0, "uplift": 7.283600644350286, "mds": 0, "mean_pred": 0.5155733219214309, "mean_true": 0.06224024359178523}, "train.accumulative": {"cor": 0.710721730632491, "r2": 0, "mann-w": 0.0, "uplift": 7.610581520617089, "mds": 0, "mean_pred": 0.5145432059565517, "mean_true": 0.059757079672788024}, "validation.accumulative": {"cor": 0.7228861101847002, "r2": 0, "mann-w": 0.0, "uplift": 7.276932841718295, "mds": 0, "mean_pred": 0.5151583162613939, "mean_true": 0.06224024359178523}}