{"train": {"cor": 0.7603645313889785, "r2": 0, "mann-w": 3.859371619605867e-05, "uplift": -0.05931059163323438, "mds": 0.9406894083667656, "mean_pred": 0.6767220125238699, "mean_true": 0.7193894249312336}, "validation": {"cor": 0.42149260072925715, "r2": 0, "mann-w": 0.07319407877732537, "uplift": -0.06072423538259997, "mds": 0.9392757646174, "mean_pred": 0.6757639367025802, "mean_true": 0.7194521163631242}}