{"train": {"cor": NaN, "r2": 0, "mann-w": 9.453906474735439e-101, "uplift": 79.61841344628286, "mds": 0, "mean_pred": 0.5015536272064978, "mean_true": 0.006221328425678952}, "validation": {"cor": NaN, "r2": 0, "mann-w": 9.991190834920651e-36, "uplift": 78.22594844115811, "mds": 0, "mean_pred": 0.5015536272064978, "mean_true": 0.0063306736880405605}, "train.accumulative": {"cor": 0.11449352910017663, "r2": 0, "mann-w": 2.2631091782373547e-88, "uplift": 79.61815228506325, "mds": 0, "mean_pred": 0.5015520024367786, "mean_true": 0.006221328425678952}, "validation.accumulative": {"cor": 0.21171173202550717, "r2": 0, "mann-w": 1.7278802815365165e-31, "uplift": 78.22574009815254, "mds": 0, "mean_pred": 0.5015523082549143, "mean_true": 0.0063306736880405605}}