{"train": {"cor": NaN, "r2": 0, "mann-w": 1.0311507719634356e-23, "uplift": -0.26585227185742233, "mds": 0.7341477281425777, "mean_pred": 0.7299728772793965, "mean_true": 0.9943133368079151}, "validation": {"cor": NaN, "r2": 0, "mann-w": 3.753491955296972e-09, "uplift": -0.2561008356870557, "mds": 0.7438991643129442, "mean_pred": 0.7299728772793965, "mean_true": 0.9812793350206142}, "train.accumulative": {"cor": -0.15473736969042046, "r2": 0, "mann-w": 2.43676744997136e-21, "uplift": -0.2658987944987309, "mds": 0.7341012055012691, "mean_pred": 0.7299266191966799, "mean_true": 0.9943133368079151}, "validation.accumulative": {"cor": -0.015307986632171651, "r2": 0, "mann-w": 3.233668742278507e-08, "uplift": -0.2561655074998733, "mds": 0.7438344925001267, "mean_pred": 0.7299094161659203, "mean_true": 0.9812793350206142}}