{"train": {"cor": NaN, "r2": 0, "mann-w": 8.273537395851408e-57, "uplift": 8474.249999999927, "mds": 0, "mean_pred": 0.5000147492625326, "mean_true": 5.899705014749263e-05}, "validation": {"cor": NaN, "r2": 0, "mann-w": 4.573325840679051e-20, "uplift": 8474.249999999927, "mds": 0, "mean_pred": 0.5000147492625326, "mean_true": 5.899705014749263e-05}, "train.accumulative": {"cor": 0.08914515991128515, "r2": 0, "mann-w": 2.371244189299524e-49, "uplift": 8474.216215153947, "mds": 0, "mean_pred": 0.50001275605628, "mean_true": 5.899705014749263e-05}, "validation.accumulative": {"cor": 0.13091015176284027, "r2": 0, "mann-w": 1.2724514363131622e-17, "uplift": 8474.236007489088, "mds": 0, "mean_pred": 0.5000139237456689, "mean_true": 5.899705014749263e-05}}