{"train": {"cor": NaN, "r2": 0, "mann-w": 4.1450181048877656e-12, "uplift": 8474.249999999927, "mds": 0, "mean_pred": 0.5000147492625326, "mean_true": 5.899705014749263e-05}, "validation": {"cor": NaN, "r2": 0, "mann-w": 7.978562808195947e-05, "uplift": 151.50620145661128, "mds": 0, "mean_pred": 0.5000147492625326, "mean_true": 0.0032786519137373515}, "train.accumulative": {"cor": 0.18837337840753396, "r2": 0, "mann-w": 8.829960396233433e-11, "uplift": 8474.249979064185, "mds": 0, "mean_pred": 0.5000147480273855, "mean_true": 5.899705014749263e-05}, "validation.accumulative": {"cor": -0.30994677363944106, "r2": 0, "mann-w": 0.0002047300544265788, "uplift": 151.50620137034522, "mds": 0, "mean_pred": 0.5000147489796962, "mean_true": 0.0032786519137373515}}