{"train": {"cor": NaN, "r2": 0, "mann-w": 5.740905587922101e-288, "uplift": 21.067563695204967, "mds": 0, "mean_pred": 0.5056881958135168, "mean_true": 0.022915451963707124}, "validation": {"cor": NaN, "r2": 0, "mann-w": 4.048220021910242e-99, "uplift": 23.12545700532904, "mds": 0, "mean_pred": 0.5056881958135168, "mean_true": 0.02096077167374761}, "train.accumulative": {"cor": 0.14264368621327198, "r2": 0, "mann-w": 3.0302469950138276e-252, "uplift": 20.936887580921322, "mds": 0, "mean_pred": 0.502693693593846, "mean_true": 0.022915451963707124}, "validation.accumulative": {"cor": 0.14253491444567856, "r2": 0, "mann-w": 5.338159375890633e-87, "uplift": 22.9895270595082, "mds": 0, "mean_pred": 0.5028389992555413, "mean_true": 0.02096077167374761}}