{"train": {"cor": 0.5950606910306042, "r2": 0, "mann-w": 3.395638067426619e-08, "uplift": -0.2472862411347153, "mds": 0.7527137588652847, "mean_pred": 0.7242168896809191, "mean_true": 0.9621411607683051}, "validation": {"cor": 0.5837713921349782, "r2": 0, "mann-w": 0.00042952588774940333, "uplift": -0.25441591115653006, "mds": 0.7455840888434699, "mean_pred": 0.727615727754985, "mean_true": 0.9759002889716208}}