{"train": {"cor": NaN, "r2": 0, "mann-w": 2.089229210300619e-28, "uplift": 86.56440804708167, "mds": 0, "mean_pred": 0.5014316040185735, "mean_true": 0.005726431722680789}, "validation": {"cor": NaN, "r2": 0, "mann-w": 2.828778722306536e-10, "uplift": 157.99050332441078, "mds": 0, "mean_pred": 0.5014316040185735, "mean_true": 0.0031538462583229373}, "train.accumulative": {"cor": -0.07584600658160938, "r2": 0, "mann-w": 4.244055498459335e-25, "uplift": 86.56215884099862, "mds": 0, "mean_pred": 0.5014187240935086, "mean_true": 0.005726431722680789}, "validation.accumulative": {"cor": 0.25215750517810775, "r2": 0, "mann-w": 3.3184428214986893e-09, "uplift": 157.98418394932594, "mds": 0, "mean_pred": 0.5014116736811072, "mean_true": 0.0031538462583229373}}