{"train": {"cor": 0.8081496994666281, "r2": 0, "mann-w": 1.3302452414495249e-22, "uplift": -0.26890988889225365, "mds": 0.7310901111077464, "mean_pred": 0.731046978947799, "mean_true": 0.9999410029498526}, "validation": {"cor": 0.546510111868427, "r2": 0, "mann-w": 1.7548207407778998e-08, "uplift": -0.26893226132714637, "mds": 0.7310677386728537, "mean_pred": 0.731024607832814, "mean_true": 0.9999410029498526}}