{"train": {"cor": 0.6589055362116089, "r2": 0, "mann-w": 3.736803958177827e-43, "uplift": 12.376571424780389, "mds": 0, "mean_pred": 0.5082964929465861, "mean_true": 0.03799901161555911}, "validation": {"cor": 0.26429864388684327, "r2": 0, "mann-w": 1.5193272945923881e-15, "uplift": 25.17081824707208, "mds": 0, "mean_pred": 0.5062468589885583, "mean_true": 0.01934394462600327}, "train.accumulative": {"cor": 0.6505264804675314, "r2": 0, "mann-w": 3.736803958177827e-43, "uplift": 12.349671010111773, "mds": 0, "mean_pred": 0.50727430377713, "mean_true": 0.03799901161555911}, "validation.accumulative": {"cor": 0.26513633759366434, "r2": 0, "mann-w": 1.5193272945923881e-15, "uplift": 25.166706559555106, "mds": 0, "mean_pred": 0.5061673227329104, "mean_true": 0.01934394462600327}}