{"train": {"cor": 0.5866072961119485, "r2": 0, "mann-w": 5.54498874539775e-05, "uplift": -0.07547085707343944, "mds": 0.9245291429265605, "mean_pred": 0.7006823157246065, "mean_true": 0.7578801826696606}, "validation": {"cor": 0.08634885647358363, "r2": 0, "mann-w": 0.0008873496862017118, "uplift": -0.0862872960289107, "mds": 0.9137127039710893, "mean_pred": 0.7061186213999519, "mean_true": 0.7728015801149396}}