{"train": {"cor": NaN, "r2": 0, "mann-w": 8.047630458725871e-141, "uplift": 77.07846368231515, "mds": 0, "mean_pred": 0.5015914554714365, "mean_true": 0.006424197298659803}, "validation": {"cor": NaN, "r2": 0, "mann-w": 2.93258215082519e-48, "uplift": 73.16495447879211, "mds": 0, "mean_pred": 0.5015914554714365, "mean_true": 0.006763186993054373}, "train.accumulative": {"cor": 0.3683075885358657, "r2": 0, "mann-w": 1.664672205187362e-123, "uplift": 77.07802056293211, "mds": 0, "mean_pred": 0.501588608785093, "mean_true": 0.006424197298659803}, "validation.accumulative": {"cor": 0.24845332362083622, "r2": 0, "mann-w": 1.7454319596125104e-42, "uplift": 73.16455612835631, "mds": 0, "mean_pred": 0.5015887613529504, "mean_true": 0.006763186993054373}}