{"train": {"cor": 0.5574168843590736, "r2": 0, "mann-w": 1.8364399176625994e-26, "uplift": -0.2661653239995215, "mds": 0.7338346760004786, "mean_pred": 0.7298943647914766, "mean_true": 0.9946305191920376}, "validation": {"cor": 0.5416088367075566, "r2": 0, "mann-w": 4.170256410598467e-09, "uplift": -0.265792459060759, "mds": 0.734207540939241, "mean_pred": 0.7292590213975442, "mean_true": 0.9932600535056254}}