{"train": {"cor": 0.1913122085567295, "r2": 0, "mann-w": 7.661946756140689e-116, "uplift": -0.24592234477234684, "mds": 0.7540776552276531, "mean_pred": 0.7296758222477531, "mean_true": 0.9676401590595689}, "validation": {"cor": 0.24777575945743519, "r2": 0, "mann-w": 1.2499689955751659e-42, "uplift": -0.24299399146147158, "mds": 0.7570060085385284, "mean_pred": 0.7297006701168754, "mean_true": 0.9639298260335232}, "train.accumulative": {"cor": -0.002744745343655389, "r2": 0, "mann-w": 7.136829045539914e-121, "uplift": -0.42969259528875753, "mds": 0.5703074047112424, "mean_pred": 0.5518523478076366, "mean_true": 0.9676401590595689}, "validation.accumulative": {"cor": -0.14463259782956836, "r2": 0, "mann-w": 1.2499689955751659e-42, "uplift": -0.4302470160958956, "mds": 0.5697529839041044, "mean_pred": 0.5492018946567641, "mean_true": 0.9639298260335232}}