{"train": {"cor": 0.6090003215428745, "r2": 0, "mann-w": 1.2248029820147573e-89, "uplift": -0.21276749726307764, "mds": 0.7872325027369224, "mean_pred": 0.7137291451324325, "mean_true": 0.9066306874412002}, "validation": {"cor": 0.42984919926549664, "r2": 0, "mann-w": 1.3698665647839837e-34, "uplift": -0.22122464848528875, "mds": 0.7787753515147112, "mean_pred": 0.7143990683194712, "mean_true": 0.9173365167887906}}