{"train": {"cor": 0.7531560082404769, "r2": 0, "mann-w": 3.104232142842268e-70, "uplift": -0.17109511217399315, "mds": 0.8289048878260068, "mean_pred": 0.6994227630019987, "mean_true": 0.8437913363454705}, "validation": {"cor": 0.5611594428920621, "r2": 0, "mann-w": 7.057810765507909e-23, "uplift": -0.16111370774667141, "mds": 0.8388862922533286, "mean_pred": 0.6993024930637878, "mean_true": 0.8336082011608446}}