{"train": {"cor": NaN, "r2": 0, "mann-w": 6.285345609731326e-73, "uplift": 192.1182092355181, "mds": 0, "mean_pred": 0.5006382893039184, "mean_true": 0.0025923929767459834}, "validation": {"cor": NaN, "r2": 0, "mann-w": 8.940561423844777e-26, "uplift": 181.97264166987003, "mds": 0, "mean_pred": 0.5006382893039184, "mean_true": 0.002736137406854514}, "train.accumulative": {"cor": 0.0233320024878226, "r2": 0, "mann-w": 4.425044488225565e-64, "uplift": 192.11813561359082, "mds": 0, "mean_pred": 0.5006380984469512, "mean_true": 0.0025923929767459834}, "validation.accumulative": {"cor": -0.015256594189393582, "r2": 0, "mann-w": 8.564151458702349e-23, "uplift": 181.97245636101644, "mds": 0, "mean_pred": 0.5006377822734323, "mean_true": 0.002736137406854514}}