{"train": {"cor": NaN, "r2": 0, "mann-w": 7.673217267982916e-15, "uplift": 11.864265821464905, "mds": 0, "mean_pred": 0.509908092478661, "mean_true": 0.039637558765914536}, "validation": {"cor": NaN, "r2": 0, "mann-w": 1.2764943055557748e-05, "uplift": 13.292417807163488, "mds": 0, "mean_pred": 0.509908092478661, "mean_true": 0.03567682524807597}, "train.accumulative": {"cor": 0.6023827976767342, "r2": 0, "mann-w": 3.2727502944570765e-13, "uplift": 11.859750734111236, "mds": 0, "mean_pred": 0.5097291254383467, "mean_true": 0.039637558765914536}, "validation.accumulative": {"cor": -0.25007043221150516, "r2": 0, "mann-w": 4.0757680638716086e-05, "uplift": 13.28313399110156, "mds": 0, "mean_pred": 0.5095768753953842, "mean_true": 0.03567682524807597}}