{"train": {"cor": 0.6517047572982211, "r2": 0, "mann-w": 1.2087628642427061e-60, "uplift": 8475.017130085917, "mds": 0, "mean_pred": 0.5000600076742971, "mean_true": 5.899705014744683e-05}, "validation": {"cor": 0.488044776365628, "r2": 0, "mann-w": 1.8865778367711464e-23, "uplift": 8477.116281196659, "mds": 0, "mean_pred": 0.5001838513976447, "mean_true": 5.899705014744683e-05}, "train.accumulative": {"cor": 0.6517047572982211, "r2": 0, "mann-w": 1.2087628642427061e-60, "uplift": 8475.017130085917, "mds": 0, "mean_pred": 0.5000600076742971, "mean_true": 5.899705014744683e-05}, "validation.accumulative": {"cor": 0.488044776365628, "r2": 0, "mann-w": 1.8865778367711464e-23, "uplift": 8477.116281196659, "mds": 0, "mean_pred": 0.5001838513976447, "mean_true": 5.899705014744683e-05}}