{"train": {"cor": 0.39716806005371785, "r2": 0, "mann-w": 2.2844326879476861e-215, "uplift": -0.26892127908410307, "mds": 0.7310787209158969, "mean_pred": 0.7310355894279373, "mean_true": 0.9999410029498526}, "validation": {"cor": 0.36734939082365364, "r2": 0, "mann-w": 4.593078670770282e-65, "uplift": -0.2689197096762457, "mds": 0.7310802903237543, "mean_pred": 0.7310371587432043, "mean_true": 0.9999410029498526}}