{"train": {"cor": 0.8194135234562054, "r2": 0, "mann-w": 2.953029616537259e-11, "uplift": -0.26890988889225365, "mds": 0.7310901111077464, "mean_pred": 0.731046978947799, "mean_true": 0.9999410029498526}, "validation": {"cor": -0.18200836443780546, "r2": 0, "mann-w": 0.0011530080422644047, "uplift": -0.26892714608256524, "mds": 0.7310728539174347, "mean_pred": 0.7310297227756107, "mean_true": 0.9999410029498526}}