{"train": {"cor": 0.4752541810736199, "r2": 0, "mann-w": 0.0, "uplift": -0.26893635854587694, "mds": 0.7310636414541231, "mean_pred": 0.7310205108558072, "mean_true": 0.9999410029498526}, "validation": {"cor": 0.4506103281439194, "r2": 0, "mann-w": 0.0, "uplift": -0.26893873327338913, "mds": 0.7310612667266109, "mean_pred": 0.731018136268397, "mean_true": 0.9999410029498526}}