{"train": {"cor": NaN, "r2": 0, "mann-w": 8.90852044927385e-26, "uplift": 26.19803090564321, "mds": 0, "mean_pred": 0.5046384235367922, "mean_true": 0.01855422641762227}, "validation": {"cor": NaN, "r2": 0, "mann-w": 1.6527685709226967e-09, "uplift": 18.49550572601179, "mds": 0, "mean_pred": 0.5046384235367922, "mean_true": 0.02588485934291413}, "train.accumulative": {"cor": 0.23204386509540478, "r2": 0, "mann-w": 8.540612552406504e-23, "uplift": 26.18724112153317, "mds": 0, "mean_pred": 0.5044382274394172, "mean_true": 0.01855422641762227}, "validation.accumulative": {"cor": 0.08467692588394032, "r2": 0, "mann-w": 1.562699999200436e-08, "uplift": 18.472249528380598, "mds": 0, "mean_pred": 0.5040364401322578, "mean_true": 0.02588485934291413}}