{"train": {"cor": NaN, "r2": 0, "mann-w": 1.1051808296607536e-51, "uplift": -0.2682880275555004, "mds": 0.7317119724444996, "mean_pred": 0.7308190566816086, "mean_true": 0.9987796895547466}, "validation": {"cor": NaN, "r2": 0, "mann-w": 1.2554560601508689e-18, "uplift": -0.2679243802761185, "mds": 0.7320756197238816, "mean_pred": 0.7308190566816086, "mean_true": 0.9982835611398357}}