{"train": {"cor": NaN, "r2": 0, "mann-w": 2.9503808396990825e-51, "uplift": 67.23591991703312, "mds": 0, "mean_pred": 0.5018085675875603, "mean_true": 0.007354023631508166}, "validation": {"cor": NaN, "r2": 0, "mann-w": 3.02745049692242e-18, "uplift": 41.87775256246922, "mds": 0, "mean_pred": 0.5018085675875603, "mean_true": 0.011703238570082892}, "train.accumulative": {"cor": 0.16010783161129538, "r2": 0, "mann-w": 4.1509493031475714e-45, "uplift": 67.23590255935162, "mds": 0, "mean_pred": 0.5018084399387603, "mean_true": 0.007354023631508166}, "validation.accumulative": {"cor": -0.13235600699978753, "r2": 0, "mann-w": 3.394956520710673e-16, "uplift": 41.877738617803764, "mds": 0, "mean_pred": 0.5018084043898137, "mean_true": 0.011703238570082892}}