{"train": {"cor": 0.5708543097534733, "r2": 0, "mann-w": 1.2644715677697542e-75, "uplift": 8475.529150133532, "mds": 0, "mean_pred": 0.5000902153467228, "mean_true": 5.899705014744683e-05}, "validation": {"cor": 0.4717139528048803, "r2": 0, "mann-w": 7.370735033718725e-26, "uplift": 8477.370930613395, "mds": 0, "mean_pred": 0.500198874962054, "mean_true": 5.899705014744683e-05}, "train.accumulative": {"cor": 0.5708543097534733, "r2": 0, "mann-w": 1.2644715677697542e-75, "uplift": 8475.529150133532, "mds": 0, "mean_pred": 0.5000902153467228, "mean_true": 5.899705014744683e-05}, "validation.accumulative": {"cor": 0.4717139528048803, "r2": 0, "mann-w": 7.370735033718725e-26, "uplift": 8477.370930613395, "mds": 0, "mean_pred": 0.500198874962054, "mean_true": 5.899705014744683e-05}}