{"train": {"cor": 0.8995473263273788, "r2": 0, "mann-w": 1.1756340246143399e-06, "uplift": 0.2357887517257001, "mds": 0.7642112482742999, "mean_pred": 0.6136555138181704, "mean_true": 0.49656991371805226}, "validation": {"cor": 0.5133527613563957, "r2": 0, "mann-w": 0.10287127185652545, "uplift": 0.13808134183870396, "mds": 0.8619186581612961, "mean_pred": 0.6203619553076631, "mean_true": 0.5450945661804767}, "train.accumulative": {"cor": 0.7116471080049344, "r2": 0, "mann-w": 0.001310566548343434, "uplift": 0.09950357125131873, "mds": 0.9004964287486813, "mean_pred": 0.5459803935089577, "mean_true": 0.49656991371805226}, "validation.accumulative": {"cor": 0.5643455294690822, "r2": 0, "mann-w": 0.3448235824633311, "uplift": 0.0035624745346019685, "mds": 0.996437525465398, "mean_pred": 0.5470364516914445, "mean_true": 0.5450945661804767}}