{"train": {"cor": 0.5012679962788119, "r2": 0, "mann-w": 3.5433497951434545e-26, "uplift": -0.24599413962262104, "mds": 0.7540058603773789, "mean_pred": 0.7250241646832344, "mean_true": 0.961563036553006}, "validation": {"cor": 0.48571952086732423, "r2": 0, "mann-w": 2.8010593588988018e-11, "uplift": -0.2564023259950382, "mds": 0.7435976740049618, "mean_pred": 0.723541688352455, "mean_true": 0.9730284448786846}}