{"train": {"cor": 0.7991293859490561, "r2": 0, "mann-w": 1.2855754409092674e-21, "uplift": 8474.511216880532, "mds": 0, "mean_pred": 0.5000301602875488, "mean_true": 5.899705014744683e-05}, "validation": {"cor": 0.30958781246685096, "r2": 0, "mann-w": 3.6756213641708754e-10, "uplift": 8534.396368571362, "mds": 0, "mean_pred": 0.5035632075849402, "mean_true": 5.899705014744683e-05}, "train.accumulative": {"cor": 0.7991293859490561, "r2": 0, "mann-w": 1.2855754409092674e-21, "uplift": 8474.511216880532, "mds": 0, "mean_pred": 0.5000301602875488, "mean_true": 5.899705014744683e-05}, "validation.accumulative": {"cor": 0.30958781246685096, "r2": 0, "mann-w": 3.6756213641708754e-10, "uplift": 8534.396368571362, "mds": 0, "mean_pred": 0.5035632075849402, "mean_true": 5.899705014744683e-05}}