{"train": {"cor": 0.896503530504017, "r2": 0, "mann-w": 7.123924529655835e-10, "uplift": 0.22977171110554306, "mds": 0.7702282888944569, "mean_pred": 0.626113303271568, "mean_true": 0.5091297007545434}, "validation": {"cor": 0.723831027366918, "r2": 0, "mann-w": 0.00021777352993194052, "uplift": 0.26957094898343675, "mds": 0.7304290510165632, "mean_pred": 0.6400002482961051, "mean_true": 0.5041075087678734}, "train.accumulative": {"cor": 0.8559695841194324, "r2": 0, "mann-w": 3.04953430291676e-08, "uplift": 0.2029408879294403, "mds": 0.7970591120705597, "mean_pred": 0.6124529342969207, "mean_true": 0.5091297007545434}, "validation.accumulative": {"cor": 0.6718110700299426, "r2": 0, "mann-w": 0.0017688416106141022, "uplift": 0.2201210836696193, "mds": 0.7798789163303808, "mean_pred": 0.6150721998838498, "mean_true": 0.5041075087678734}}