{"train": {"cor": 0.551008932114077, "r2": 0, "mann-w": 1.8475174238444322e-25, "uplift": -0.26898687419680295, "mds": 0.7310131258031971, "mean_pred": 0.7309699981851556, "mean_true": 0.9999410029498526}, "validation": {"cor": 0.6102901758433895, "r2": 0, "mann-w": 1.3015505133062636e-07, "uplift": -0.26917605438414277, "mds": 0.7308239456158572, "mean_pred": 0.7307808291588888, "mean_true": 0.9999410029498526}}