{"train": {"cor": 0.3297493189373897, "r2": 0, "mann-w": 2.1449261356550095e-67, "uplift": -0.23576657391012937, "mds": 0.7642334260898707, "mean_pred": 0.7212581572458273, "mean_true": 0.9437668291166976}, "validation": {"cor": 0.42708261168654066, "r2": 0, "mann-w": 5.900008731075533e-21, "uplift": -0.22579049232290002, "mds": 0.7742095076771, "mean_pred": 0.7211537008884032, "mean_true": 0.9314709955605134}}