{"train": {"cor": 0.75453487843492, "r2": 0, "mann-w": 1.0830965173767657e-25, "uplift": -0.20726179500704564, "mds": 0.7927382049929543, "mean_pred": 0.708962917602063, "mean_true": 0.8943216223675811}, "validation": {"cor": 0.4726894906971722, "r2": 0, "mann-w": 2.9991709233811695e-09, "uplift": -0.20511881641383395, "mds": 0.794881183586166, "mean_pred": 0.7153371708914815, "mean_true": 0.8999296821497073}}