{"train": {"cor": NaN, "r2": 0, "mann-w": 2.8508083010644643e-24, "uplift": -0.26378380515817573, "mds": 0.7362161948418242, "mean_pred": 0.729173668560499, "mean_true": 0.9904341600596842}, "validation": {"cor": NaN, "r2": 0, "mann-w": 4.003272516972358e-09, "uplift": -0.264608565117793, "mds": 0.735391434882207, "mean_pred": 0.729173668560499, "mean_true": 0.9915449568396131}, "train.accumulative": {"cor": -0.012250963909126947, "r2": 0, "mann-w": 1.7782854874923613e-21, "uplift": -0.2641304200904472, "mds": 0.7358695799095528, "mean_pred": 0.7288303692911906, "mean_true": 0.9904341600596842}, "validation.accumulative": {"cor": -0.3030749705672965, "r2": 0, "mann-w": 3.397807564086679e-08, "uplift": -0.2649585430212589, "mds": 0.7350414569787411, "mean_pred": 0.7288266497353122, "mean_true": 0.9915449568396131}}