{"train": {"cor": NaN, "r2": 0, "mann-w": 8.420242403147451e-86, "uplift": 8474.250000006507, "mds": 0, "mean_pred": 0.5000147492625326, "mean_true": 5.899705014744683e-05}, "validation": {"cor": NaN, "r2": 0, "mann-w": 3.496851560395583e-30, "uplift": 8474.250000006507, "mds": 0, "mean_pred": 0.5000147492625326, "mean_true": 5.899705014744683e-05}, "train.accumulative": {"cor": NaN, "r2": 0, "mann-w": 8.420242403147451e-86, "uplift": 8474.250000006507, "mds": 0, "mean_pred": 0.5000147492625326, "mean_true": 5.899705014744683e-05}, "validation.accumulative": {"cor": NaN, "r2": 0, "mann-w": 3.496851560395583e-30, "uplift": 8474.250000006507, "mds": 0, "mean_pred": 0.5000147492625326, "mean_true": 5.899705014744683e-05}}