{"train": {"cor": 0.6847606052892876, "r2": 0, "mann-w": 9.19574767230962e-35, "uplift": -0.11792733388227362, "mds": 0.8820726661177264, "mean_pred": 0.6862003811541629, "mean_true": 0.7779408743888894}, "validation": {"cor": 0.5885016057479534, "r2": 0, "mann-w": 1.5871200284380626e-08, "uplift": -0.089779233715338, "mds": 0.910220766284662, "mean_pred": 0.6830354474713718, "mean_true": 0.750406354998233}}