{"train": {"cor": 0.2217063061374087, "r2": 0, "mann-w": 3.0452704227748297e-109, "uplift": -0.25565532353216164, "mds": 0.7443446764678383, "mean_pred": 0.7285249804901845, "mean_true": 0.9787468138380145}, "validation": {"cor": 0.1896756873870156, "r2": 0, "mann-w": 8.517037958768241e-37, "uplift": -0.25413719643251387, "mds": 0.7458628035674861, "mean_pred": 0.7288677300271464, "mean_true": 0.9772142095583106}, "train.accumulative": {"cor": -0.09745730803161899, "r2": 0, "mann-w": 1.3963105139991087e-112, "uplift": -0.45000899414094864, "mds": 0.5499910058590514, "mean_pred": 0.5383019446241113, "mean_true": 0.9787468138380145}, "validation.accumulative": {"cor": 0.06512274729109253, "r2": 0, "mann-w": 8.517037958768241e-37, "uplift": -0.44979762088636704, "mds": 0.550202379113633, "mean_pred": 0.5376655830026308, "mean_true": 0.9772142095583106}}