{"train": {"cor": 0.5683244408904207, "r2": 0, "mann-w": 2.0552300583913638e-63, "uplift": 8478.534300944051, "mds": 0, "mean_pred": 0.5002675103797917, "mean_true": 5.899705014744683e-05}, "validation": {"cor": 0.3492593540711785, "r2": 0, "mann-w": 5.022127019275478e-26, "uplift": 8477.34764544796, "mds": 0, "mean_pred": 0.500197501205981, "mean_true": 5.899705014744683e-05}, "train.accumulative": {"cor": 0.5683244408904207, "r2": 0, "mann-w": 2.0552300583913638e-63, "uplift": 8478.534300944051, "mds": 0, "mean_pred": 0.5002675103797917, "mean_true": 5.899705014744683e-05}, "validation.accumulative": {"cor": 0.3492593540711785, "r2": 0, "mann-w": 5.022127019275478e-26, "uplift": 8477.34764544796, "mds": 0, "mean_pred": 0.500197501205981, "mean_true": 5.899705014744683e-05}}