{"train": {"cor": 0.8848044074940072, "r2": 0, "mann-w": 3.3642467074081685e-08, "uplift": -0.07289279508365404, "mds": 0.927107204916346, "mean_pred": 0.6720736046772764, "mean_true": 0.7249146604765286}, "validation": {"cor": 0.739481634730048, "r2": 0, "mann-w": 2.081024527197124e-05, "uplift": -0.08282347235546511, "mds": 0.917176527644535, "mean_pred": 0.6731619896603359, "mean_true": 0.7339503022271299}, "train.accumulative": {"cor": 0.8252705744551398, "r2": 0, "mann-w": 3.4424272037250425e-15, "uplift": -0.11815578919216146, "mds": 0.8818442108078386, "mean_pred": 0.6392617966709566, "mean_true": 0.7249146604765286}, "validation.accumulative": {"cor": 0.6562864742419141, "r2": 0, "mann-w": 6.78074855558756e-09, "uplift": -0.12784824593562072, "mds": 0.8721517540643793, "mean_pred": 0.6401160434834726, "mean_true": 0.7339503022271299}}