{"train": {"cor": NaN, "r2": 0, "mann-w": 6.353543557135562e-73, "uplift": -0.25917396376027646, "mds": 0.7408260362397235, "mean_pred": 0.7275101227685377, "mean_true": 0.9820255865482609}, "validation": {"cor": NaN, "r2": 0, "mann-w": 8.940561423844777e-26, "uplift": -0.2596351399414162, "mds": 0.7403648600585838, "mean_pred": 0.7275101227685377, "mean_true": 0.9826372941457149}, "train.accumulative": {"cor": -0.013487250862689974, "r2": 0, "mann-w": 4.461773525724042e-64, "uplift": -0.26007722697032803, "mds": 0.739922773029672, "mean_pred": 0.7266230951848793, "mean_true": 0.9820255865482609}, "validation.accumulative": {"cor": 0.1298433031109308, "r2": 0, "mann-w": 8.564151458702349e-23, "uplift": -0.2606357685598139, "mds": 0.739364231440186, "mean_pred": 0.7265268677705106, "mean_true": 0.9826372941457149}}