{"train": {"cor": NaN, "r2": 0, "mann-w": 3.4960974569542125e-35, "uplift": -0.2572932075324826, "mds": 0.7427067924675175, "mean_pred": 0.7268666684111921, "mean_true": 0.9786724394916341}, "validation": {"cor": NaN, "r2": 0, "mann-w": 1.4416529903318954e-12, "uplift": -0.2518328241775508, "mds": 0.7481671758224492, "mean_pred": 0.7268666684111921, "mean_true": 0.9715297488320819}, "train.accumulative": {"cor": -0.22019780317281912, "r2": 0, "mann-w": 4.957698881176462e-31, "uplift": -0.2677363873547381, "mds": 0.732263612645262, "mean_pred": 0.7166462161384954, "mean_true": 0.9786724394916341}, "validation.accumulative": {"cor": 0.01985881704677451, "r2": 0, "mann-w": 3.2329686008442295e-11, "uplift": -0.362440616394432, "mds": 0.637559383605568, "mean_pred": 0.6194079078198544, "mean_true": 0.9715297488320819}}