{"train": {"cor": 0.8965035305040169, "r2": 0, "mann-w": 2.6819619998642084e-11, "uplift": 0.2606005344836776, "mds": 0.7393994655163224, "mean_pred": 0.6187913615909854, "mean_true": 0.4908702992454566}, "validation": {"cor": 0.723831027366918, "r2": 0, "mann-w": 4.417495911975025e-06, "uplift": 0.2191946660305708, "mds": 0.7808053339694292, "mean_pred": 0.6045894802348204, "mean_true": 0.49589249123212664}}