{"train": {"cor": 0.6873970065951103, "r2": 0, "mann-w": 3.888611188011315e-25, "uplift": -0.26880360510624773, "mds": 0.7311963948937523, "mean_pred": 0.7309966127694756, "mean_true": 0.9997267736470368}, "validation": {"cor": 0.6609756099133802, "r2": 0, "mann-w": 3.125417672914086e-09, "uplift": -0.26871974738032006, "mds": 0.73128025261968, "mean_pred": 0.7309267749010242, "mean_true": 0.9995166316642772}}