{"train": {"cor": NaN, "r2": 0, "mann-w": 3.81088747826557e-15, "uplift": 8474.249999999927, "mds": 0, "mean_pred": 0.5000147492625326, "mean_true": 5.899705014749263e-05}, "validation": {"cor": NaN, "r2": 0, "mann-w": 7.492139800900178e-06, "uplift": 8474.249999999927, "mds": 0, "mean_pred": 0.5000147492625326, "mean_true": 5.899705014749263e-05}, "train.accumulative": {"cor": 0.17644384421581838, "r2": 0, "mann-w": 1.9156606409273696e-13, "uplift": 8474.24983237614, "mds": 0, "mean_pred": 0.5000147393732236, "mean_true": 5.899705014749263e-05}, "validation.accumulative": {"cor": 0.3260883169033254, "r2": 0, "mann-w": 2.7092851767612392e-05, "uplift": 8474.24592181191, "mds": 0, "mean_pred": 0.5000145086614696, "mean_true": 5.899705014749263e-05}}