{"train": {"cor": 0.8032197690310057, "r2": 0, "mann-w": 6.105295886087863e-13, "uplift": -0.07788927231070597, "mds": 0.922110727689294, "mean_pred": 0.6750673646198051, "mean_true": 0.7320892647149309}, "validation": {"cor": 0.7226217833302495, "r2": 0, "mann-w": 5.851250897260933e-07, "uplift": -0.09697909931527103, "mds": 0.903020900684729, "mean_pred": 0.678972794929319, "mean_true": 0.7518904539357592}, "train.accumulative": {"cor": 0.4495147576342891, "r2": 0, "mann-w": 1.478328271086744e-22, "uplift": -0.12062612167421616, "mds": 0.8793738783257838, "mean_pred": 0.6437801759930402, "mean_true": 0.7320892647149309}, "validation.accumulative": {"cor": 0.5556499370010926, "r2": 0, "mann-w": 1.0147378668754969e-09, "uplift": -0.13520285886798675, "mds": 0.8647971411320132, "mean_pred": 0.6502327150080962, "mean_true": 0.7518904539357592}}