{"train": {"cor": NaN, "r2": 0, "mann-w": 2.078451760505768e-135, "uplift": 76.21028320491558, "mds": 0, "mean_pred": 0.5015847571427744, "mean_true": 0.006496346552849337}, "validation": {"cor": NaN, "r2": 0, "mann-w": 4.607707569862052e-48, "uplift": 8500.861633570026, "mds": 0, "mean_pred": 0.5015847571427744, "mean_true": 5.899705014749263e-05}, "train.accumulative": {"cor": 0.010527720397351024, "r2": 0, "mann-w": 1.3744821903331642e-118, "uplift": 76.07373802605544, "mds": 0, "mean_pred": 0.5006977123407781, "mean_true": 0.006496346552849337}, "validation.accumulative": {"cor": 0.15156699270752552, "r2": 0, "mann-w": 3.28749295457268e-42, "uplift": 8485.596439712232, "mds": 0, "mean_pred": 0.5006841557352348, "mean_true": 5.899705014749263e-05}}