{"train": {"cor": 0.7029841751253705, "r2": 0, "mann-w": 2.5749860135863814e-86, "uplift": 1.416240336011256, "mds": 0, "mean_pred": 0.5581823635416072, "mean_true": 0.23101276608230867}, "validation": {"cor": 0.20407560199585675, "r2": 0, "mann-w": 5.272581304583647e-32, "uplift": 1.2117896887210573, "mds": 0, "mean_pred": 0.5532328952927265, "mean_true": 0.25012906883232067}, "train.accumulative": {"cor": 0.508423117581107, "r2": 0, "mann-w": 3.2112354339518945e-77, "uplift": 1.212654181405258, "mds": 0, "mean_pred": 0.511151362830015, "mean_true": 0.23101276608230867}, "validation.accumulative": {"cor": 0.19838420307544316, "r2": 0, "mann-w": 6.930926906828002e-27, "uplift": 1.0474675993889184, "mds": 0, "mean_pred": 0.5121311640994971, "mean_true": 0.25012906883232067}}