{"train": {"cor": 0.5281913233802529, "r2": 0, "mann-w": 6.726920874347381e-92, "uplift": -0.2689325827319275, "mds": 0.7310674172680725, "mean_pred": 0.7310242864469948, "mean_true": 0.9999410029498526}, "validation": {"cor": 0.4966537585274004, "r2": 0, "mann-w": 1.15311591881947e-33, "uplift": -0.2689638663933275, "mds": 0.7310361336066725, "mean_pred": 0.7309930046312385, "mean_true": 0.9999410029498526}}