{"train": {"cor": NaN, "r2": 0, "mann-w": 9.332590609490557e-20, "uplift": -0.26229691977855574, "mds": 0.7377030802214443, "mean_pred": 0.7286348758065916, "mean_true": 0.9877075145028125}, "validation": {"cor": NaN, "r2": 0, "mann-w": 1.3988907336080776e-07, "uplift": -0.2644204149213165, "mds": 0.7355795850786835, "mean_pred": 0.7286348758065916, "mean_true": 0.9905588607773161}}