{"train": {"cor": NaN, "r2": 0, "mann-w": 3.2611341101217513e-138, "uplift": 152.63930773584917, "mds": 0, "mean_pred": 0.5008123181590223, "mean_true": 0.0032596626835891818}, "validation": {"cor": NaN, "r2": 0, "mann-w": 3.872414883950295e-47, "uplift": 163.46991997797937, "mds": 0, "mean_pred": 0.5008123181590223, "mean_true": 0.0030450085840989967}, "train.accumulative": {"cor": 0.05492332276223304, "r2": 0, "mann-w": 3.1902171249191427e-121, "uplift": 152.63926847118327, "mds": 0, "mean_pred": 0.500812190169456, "mean_true": 0.0032596626835891818}, "validation.accumulative": {"cor": -0.09987227706561784, "r2": 0, "mann-w": 1.6724336572758696e-41, "uplift": 163.46987618585845, "mds": 0, "mean_pred": 0.5008121848116381, "mean_true": 0.0030450085840989967}}