{"train": {"cor": NaN, "r2": 0, "mann-w": 1.0007626543608622e-136, "uplift": -0.25795382896953617, "mds": 0.7420461710304638, "mean_pred": 0.7270987515221047, "mean_true": 0.9798564832056178}, "validation": {"cor": NaN, "r2": 0, "mann-w": 3.840268620101624e-47, "uplift": -0.2603367725697041, "mds": 0.7396632274302959, "mean_pred": 0.7270987515221047, "mean_true": 0.9830132478643799}, "train.accumulative": {"cor": -0.12548832207795743, "r2": 0, "mann-w": 6.331003682373805e-120, "uplift": -0.2604053419029531, "mds": 0.7395946580970469, "mean_pred": 0.7246966206806337, "mean_true": 0.9798564832056178}, "validation.accumulative": {"cor": -0.19123253836846382, "r2": 0, "mann-w": 1.6617867127798608e-41, "uplift": -0.2625270889940284, "mds": 0.7374729110059717, "mean_pred": 0.724945641459979, "mean_true": 0.9830132478643799}}