{"train": {"cor": 0.5553923780022689, "r2": 0, "mann-w": 4.047187070975004e-14, "uplift": 0.21300289912222392, "mds": 0.7869971008777761, "mean_pred": 0.6380321808811877, "mean_true": 0.525993945556843}, "validation": {"cor": 0.3417012528604991, "r2": 0, "mann-w": 3.9661373462477696e-08, "uplift": 0.25016531570316525, "mds": 0.7498346842968348, "mean_pred": 0.633361358964192, "mean_true": 0.5066220851023634}}