{"train": {"cor": NaN, "r2": 0, "mann-w": 1.320342459550661e-143, "uplift": 8474.249999999927, "mds": 0, "mean_pred": 0.5000147492625326, "mean_true": 5.899705014749263e-05}, "validation": {"cor": NaN, "r2": 0, "mann-w": 4.1809039875198335e-49, "uplift": 8474.249999999927, "mds": 0, "mean_pred": 0.5000147492625326, "mean_true": 5.899705014749263e-05}, "train.accumulative": {"cor": -0.013262025209359107, "r2": 0, "mann-w": 3.7162346944248276e-125, "uplift": 8474.249975357447, "mds": 0, "mean_pred": 0.5000147478086989, "mean_true": 5.899705014749263e-05}, "validation.accumulative": {"cor": -0.5791812791370888, "r2": 0, "mann-w": 7.206208421875346e-43, "uplift": 8474.24997339818, "mds": 0, "mean_pred": 0.500014747693108, "mean_true": 5.899705014749263e-05}}