{"train": {"cor": NaN, "r2": 0, "mann-w": 2.5706543789965846e-153, "uplift": 8474.250000006507, "mds": 0, "mean_pred": 0.5000147492625326, "mean_true": 5.899705014744683e-05}, "validation": {"cor": NaN, "r2": 0, "mann-w": 4.557475441151005e-53, "uplift": 8474.250000006507, "mds": 0, "mean_pred": 0.5000147492625326, "mean_true": 5.899705014744683e-05}, "train.accumulative": {"cor": NaN, "r2": 0, "mann-w": 2.5706543789965846e-153, "uplift": 8474.250000006507, "mds": 0, "mean_pred": 0.5000147492625326, "mean_true": 5.899705014744683e-05}, "validation.accumulative": {"cor": NaN, "r2": 0, "mann-w": 4.557475441151005e-53, "uplift": 8474.250000006507, "mds": 0, "mean_pred": 0.5000147492625326, "mean_true": 5.899705014744683e-05}}