{"train": {"cor": NaN, "r2": 0, "mann-w": 1.1226041794382746e-39, "uplift": 77.58089428689964, "mds": 0, "mean_pred": 0.5015778840315942, "mean_true": 0.00638294955260153}, "validation": {"cor": NaN, "r2": 0, "mann-w": 4.385919005644242e-14, "uplift": 72.04594933620507, "mds": 0, "mean_pred": 0.5015778840315942, "mean_true": 0.006866607780302859}, "train.accumulative": {"cor": 0.2793864339316577, "r2": 0, "mann-w": 5.755352091619891e-35, "uplift": 77.58086287188904, "mds": 0, "mean_pred": 0.5015776835111664, "mean_true": 0.00638294955260153}, "validation.accumulative": {"cor": 0.09362842726623186, "r2": 0, "mann-w": 1.5098886078917446e-12, "uplift": 72.04588226868334, "mds": 0, "mean_pred": 0.5015774235052277, "mean_true": 0.006866607780302859}}