{"train": {"cor": NaN, "r2": 0, "mann-w": 1.879313140667187e-24, "uplift": -0.2688981650149868, "mds": 0.7311018349850131, "mean_pred": 0.7310427448414326, "mean_true": 0.9999191765896993}, "validation": {"cor": NaN, "r2": 0, "mann-w": 2.9421496975249686e-09, "uplift": -0.26890781149167836, "mds": 0.7310921885083217, "mean_pred": 0.7310427448414326, "mean_true": 0.9999323701337995}}