{"train": {"cor": 0.6048827890474845, "r2": 0, "mann-w": 1.0537907188987245e-56, "uplift": 8475.34254170111, "mds": 0, "mean_pred": 0.5000792059996773, "mean_true": 5.899705014744683e-05}, "validation": {"cor": 0.4045714222002703, "r2": 0, "mann-w": 1.3520559826410067e-24, "uplift": 8477.469093271033, "mds": 0, "mean_pred": 0.5002046662692892, "mean_true": 5.899705014744683e-05}, "train.accumulative": {"cor": 0.6048827890474845, "r2": 0, "mann-w": 1.0537907188987245e-56, "uplift": 8475.34254170111, "mds": 0, "mean_pred": 0.5000792059996773, "mean_true": 5.899705014744683e-05}, "validation.accumulative": {"cor": 0.4045714222002703, "r2": 0, "mann-w": 1.3520559826410067e-24, "uplift": 8477.469093271033, "mds": 0, "mean_pred": 0.5002046662692892, "mean_true": 5.899705014744683e-05}}