{"train": {"cor": NaN, "r2": 0, "mann-w": 4.151644930483588e-37, "uplift": -0.26890988889225365, "mds": 0.7310901111077464, "mean_pred": 0.731046978947799, "mean_true": 0.9999410029498526}, "validation": {"cor": NaN, "r2": 0, "mann-w": 1.3930328183313666e-11, "uplift": -0.26890988889225365, "mds": 0.7310901111077464, "mean_pred": 0.731046978947799, "mean_true": 0.9999410029498526}}