{"train": {"cor": NaN, "r2": 0, "mann-w": 2.253112435493767e-136, "uplift": -0.26499667814808037, "mds": 0.7350033218519196, "mean_pred": 0.7296850264147252, "mean_true": 0.9927642565971071}, "validation": {"cor": NaN, "r2": 0, "mann-w": 1.1322300272357883e-45, "uplift": -0.266220377133414, "mds": 0.733779622866586, "mean_pred": 0.7296850264147252, "mean_true": 0.9944198553294996}}