{"train": {"cor": NaN, "r2": 0, "mann-w": 3.529799800429576e-23, "uplift": 8474.249999999927, "mds": 0, "mean_pred": 0.5000147492625326, "mean_true": 5.899705014749263e-05}, "validation": {"cor": NaN, "r2": 0, "mann-w": 2.9421496975249686e-09, "uplift": 1375.821713072319, "mds": 0, "mean_pred": 0.5000147492625326, "mean_true": 0.0003631659382729889}, "train.accumulative": {"cor": -0.4141697871282431, "r2": 0, "mann-w": 8.685515215309584e-21, "uplift": 8474.249970502271, "mds": 0, "mean_pred": 0.5000147475222579, "mean_true": 5.899705014749263e-05}, "validation.accumulative": {"cor": -0.15948706838439117, "r2": 0, "mann-w": 2.6828060131312847e-08, "uplift": 1375.8217047162593, "mds": 0, "mean_pred": 0.5000147462278964, "mean_true": 0.0003631659382729889}}