{"train": {"cor": 0.44018878536959927, "r2": 0, "mann-w": 3.3523472574053117e-99, "uplift": -0.2588542345540563, "mds": 0.7411457654459437, "mean_pred": 0.729563164058979, "mean_true": 0.9843720332396483}, "validation": {"cor": 0.44235672149503025, "r2": 0, "mann-w": 9.997302529287852e-38, "uplift": -0.26111521615534716, "mds": 0.7388847838446528, "mean_pred": 0.7296628321063872, "mean_true": 0.9875190937208357}}