{"train": {"cor": 0.1804924156507703, "r2": 0, "mann-w": 1.3214683375536133e-66, "uplift": -0.25093683898104535, "mds": 0.7490631610189546, "mean_pred": 0.7296033307140782, "mean_true": 0.9740211088763128}, "validation": {"cor": 0.024324124176454662, "r2": 0, "mann-w": 9.093053148317725e-26, "uplift": -0.2525557335784548, "mds": 0.7474442664215453, "mean_pred": 0.7296548969690377, "mean_true": 0.9761997378912602}, "train.accumulative": {"cor": -0.021521932908408134, "r2": 0, "mann-w": 1.3214683375536133e-66, "uplift": -0.42739350960368927, "mds": 0.5726064903963107, "mean_pred": 0.5577308087255883, "mean_true": 0.9740211088763128}, "validation.accumulative": {"cor": 0.02901889288491317, "r2": 0, "mann-w": 9.093053148317725e-26, "uplift": -0.4373280930588477, "mds": 0.5626719069411523, "mean_pred": 0.5492801680747285, "mean_true": 0.9761997378912602}}