{"train": {"cor": 0.8009197314092493, "r2": 0, "mann-w": 1.0128343752678215e-24, "uplift": -0.26890988889225365, "mds": 0.7310901111077464, "mean_pred": 0.731046978947799, "mean_true": 0.9999410029498526}, "validation": {"cor": 0.4129073214807332, "r2": 0, "mann-w": 3.114253410246291e-08, "uplift": -0.2689105052524332, "mds": 0.7310894947475668, "mean_pred": 0.7310463626239829, "mean_true": 0.9999410029498526}}