{"train": {"cor": NaN, "r2": 0, "mann-w": 1.1658925391856597e-15, "uplift": -0.25889384000805676, "mds": 0.7411061599919433, "mean_pred": 0.727630316371057, "mean_true": 0.9818165812829937}, "validation": {"cor": NaN, "r2": 0, "mann-w": 8.426647683276457e-07, "uplift": -0.2525939911572862, "mds": 0.7474060088427138, "mean_pred": 0.727630316371057, "mean_true": 0.973540897132634}, "train.accumulative": {"cor": 0.12593357673370512, "r2": 0, "mann-w": 6.279672676572897e-14, "uplift": -0.27915731482003414, "mds": 0.7208426851799659, "mean_pred": 0.7077353008062474, "mean_true": 0.9818165812829937}, "validation.accumulative": {"cor": 0.4497427698402757, "r2": 0, "mann-w": 3.7339217844353662e-06, "uplift": -0.257982257982747, "mds": 0.742017742017253, "mean_pred": 0.7223846182518079, "mean_true": 0.973540897132634}}