{"train": {"cor": NaN, "r2": 0, "mann-w": 1.2632851414622095e-27, "uplift": -0.25896653839348815, "mds": 0.7410334616065118, "mean_pred": 0.7274354868110338, "mean_true": 0.9816499854594979}, "validation": {"cor": NaN, "r2": 0, "mann-w": 5.686308915520503e-10, "uplift": -0.2592690644091211, "mds": 0.7407309355908789, "mean_pred": 0.7274354868110338, "mean_true": 0.9820509065559151}, "train.accumulative": {"cor": -0.4197634897850945, "r2": 0, "mann-w": 2.241748829521461e-24, "uplift": -0.4221915253219331, "mds": 0.577808474678067, "mean_pred": 0.567205680766099, "mean_true": 0.9816499854594979}, "validation.accumulative": {"cor": -0.2458916512725079, "r2": 0, "mann-w": 6.25005653725559e-09, "uplift": -0.4112340664514652, "mds": 0.5887659335485348, "mean_pred": 0.5781981187905783, "mean_true": 0.9820509065559151}}