{"train": {"cor": NaN, "r2": 0, "mann-w": 2.0912013442571735e-46, "uplift": -0.2547749554312981, "mds": 0.7452250445687019, "mean_pred": 0.7259404193173529, "mean_true": 0.9741224139045005}, "validation": {"cor": NaN, "r2": 0, "mann-w": 9.833659798803424e-17, "uplift": -0.24782063582846145, "mds": 0.7521793641715385, "mean_pred": 0.7259404193173529, "mean_true": 0.9651161064713791}, "train.accumulative": {"cor": -0.23423068958591778, "r2": 0, "mann-w": 7.351406095070908e-41, "uplift": -0.44258465197394165, "mds": 0.5574153480260584, "mean_pred": 0.5429907843665612, "mean_true": 0.9741224139045005}, "validation.accumulative": {"cor": -0.04568601357356295, "r2": 0, "mann-w": 7.17542653196834e-15, "uplift": -0.4241250736282647, "mds": 0.5758749263717353, "mean_pred": 0.5557861667543813, "mean_true": 0.9651161064713791}}