{"train": {"cor": NaN, "r2": 0, "mann-w": 2.8053659854463965e-27, "uplift": -0.26453000977702706, "mds": 0.7354699902229729, "mean_pred": 0.7295161979300138, "mean_true": 0.9919047787508581}, "validation": {"cor": NaN, "r2": 0, "mann-w": 6.833241087328536e-10, "uplift": -0.26580638729291084, "mds": 0.7341936127070892, "mean_pred": 0.7295161979300138, "mean_true": 0.9936291807826698}}