{"train": {"cor": NaN, "r2": 0, "mann-w": 7.627303742218817e-15, "uplift": -0.2623549406706384, "mds": 0.7376450593293615, "mean_pred": 0.7286558620044761, "mean_true": 0.9878136548043064}, "validation": {"cor": NaN, "r2": 0, "mann-w": 1.2461108616547312e-05, "uplift": -0.2652927395930366, "mds": 0.7347072604069633, "mean_pred": 0.7286558620044761, "mean_true": 0.9917635244285794}}