{"train": {"cor": 0.7740759726401855, "r2": 0, "mann-w": 2.263493506228823e-08, "uplift": 1.131720541079941, "mds": 0, "mean_pred": 0.5337335229904197, "mean_true": 0.25037687290850397}, "validation": {"cor": 0.5170983794406382, "r2": 0, "mann-w": 0.00022178402978022043, "uplift": 1.2868195519051848, "mds": 0, "mean_pred": 0.5139888591968367, "mean_true": 0.2247614416138014}, "train.accumulative": {"cor": 0.7740759726401855, "r2": 0, "mann-w": 2.263493506228823e-08, "uplift": 1.131720541079941, "mds": 0, "mean_pred": 0.5337335229904197, "mean_true": 0.25037687290850397}, "validation.accumulative": {"cor": 0.5170983794406382, "r2": 0, "mann-w": 0.00022178402978022043, "uplift": 1.2868195519051848, "mds": 0, "mean_pred": 0.5139888591968367, "mean_true": 0.2247614416138014}}