{"train": {"cor": 0.6406046991935022, "r2": 0, "mann-w": 1.2814827521252564e-21, "uplift": 8474.311996518487, "mds": 0, "mean_pred": 0.5000184068738589, "mean_true": 5.899705014744683e-05}, "validation": {"cor": 0.600520770871758, "r2": 0, "mann-w": 3.478609888605852e-07, "uplift": 8474.392652379598, "mds": 0, "mean_pred": 0.5000231653317415, "mean_true": 5.899705014744683e-05}, "train.accumulative": {"cor": 0.6406046991935022, "r2": 0, "mann-w": 1.2814827521252564e-21, "uplift": 8474.311996518487, "mds": 0, "mean_pred": 0.5000184068738589, "mean_true": 5.899705014744683e-05}, "validation.accumulative": {"cor": 0.600520770871758, "r2": 0, "mann-w": 3.478609888605852e-07, "uplift": 8474.392652379598, "mds": 0, "mean_pred": 0.5000231653317415, "mean_true": 5.899705014744683e-05}}