{"train": {"cor": NaN, "r2": 0, "mann-w": 1.0311507719634356e-23, "uplift": 87.1674783485684, "mds": 0, "mean_pred": 0.5013787538637476, "mean_true": 0.0056866631920849155}, "validation": {"cor": NaN, "r2": 0, "mann-w": 3.753491955296972e-09, "uplift": 25.782101726398963, "mds": 0, "mean_pred": 0.5013787538637476, "mean_true": 0.018720664979385897}, "train.accumulative": {"cor": 0.1547373696904147, "r2": 0, "mann-w": 2.43676744997136e-21, "uplift": 87.16742113765379, "mds": 0, "mean_pred": 0.5013784285245454, "mean_true": 0.0056866631920849155}, "validation.accumulative": {"cor": 0.015307986632170444, "r2": 0, "mann-w": 3.233668742278507e-08, "uplift": 25.782077885333877, "mds": 0, "mean_pred": 0.5013783075431554, "mean_true": 0.018720664979385897}}