{"train": {"cor": 0.5720882454811055, "r2": 0, "mann-w": 0.0011832678595593503, "uplift": 0.11398416196300795, "mds": 0.886015838036992, "mean_pred": 0.6455104757245863, "mean_true": 0.5794610890940313}, "validation": {"cor": 0.48641907506769744, "r2": 0, "mann-w": 0.003763025605524911, "uplift": 0.10289685956059275, "mds": 0.8971031404394072, "mean_pred": 0.6448982962146204, "mean_true": 0.5847312834597748}}