{"train": {"cor": NaN, "r2": 0, "mann-w": 5.367289709199608e-26, "uplift": 8474.249999999927, "mds": 0, "mean_pred": 0.5000147492625326, "mean_true": 5.899705014749263e-05}, "validation": {"cor": NaN, "r2": 0, "mann-w": 1.3436963807554846e-09, "uplift": 8474.249999999927, "mds": 0, "mean_pred": 0.5000147492625326, "mean_true": 5.899705014749263e-05}, "train.accumulative": {"cor": 0.15859599494651583, "r2": 0, "mann-w": 3.9046106901706603e-23, "uplift": 8474.24995575475, "mds": 0, "mean_pred": 0.5000147466521977, "mean_true": 5.899705014749263e-05}, "validation.accumulative": {"cor": -0.10150674281292055, "r2": 0, "mann-w": 1.4775157759446804e-08, "uplift": 8474.249933816616, "mds": 0, "mean_pred": 0.5000147453579125, "mean_true": 5.899705014749263e-05}}