{"train": {"cor": NaN, "r2": 0, "mann-w": 1.1226041794382746e-39, "uplift": -0.26549585410444376, "mds": 0.7345041458955562, "mean_pred": 0.7298158429861282, "mean_true": 0.9936170504473985}, "validation": {"cor": NaN, "r2": 0, "mann-w": 4.385919005644242e-14, "uplift": -0.26513814890972753, "mds": 0.7348618510902725, "mean_pred": 0.7298158429861282, "mean_true": 0.9931333922196971}}