{"train": {"cor": 0.298847767518517, "r2": 0, "mann-w": 1.0177004870809582e-40, "uplift": 17.04213943063253, "mds": 0, "mean_pred": 0.5030178286387417, "mean_true": 0.027880165241639894}, "validation": {"cor": -0.08204584039445034, "r2": 0, "mann-w": 3.038868711247176e-15, "uplift": 25.969915780770826, "mds": 0, "mean_pred": 0.5005399554234932, "mean_true": 0.01855919608693666}, "train.accumulative": {"cor": 0.26352312907630826, "r2": 0, "mann-w": 1.0177004870809582e-40, "uplift": 16.9904801642315, "mds": 0, "mean_pred": 0.501577559755219, "mean_true": 0.027880165241639894}, "validation.accumulative": {"cor": -0.0886996039080258, "r2": 0, "mann-w": 3.038868711247176e-15, "uplift": 25.956177018731868, "mds": 0, "mean_pred": 0.5002849750448204, "mean_true": 0.01855919608693666}}