{"train": {"cor": 0.8272507792096937, "r2": 0, "mann-w": 2.0824497020557636e-22, "uplift": 8474.250000006507, "mds": 0, "mean_pred": 0.5000147492625326, "mean_true": 5.899705014744683e-05}, "validation": {"cor": 0.7077638841107082, "r2": 0, "mann-w": 6.2289267763769366e-09, "uplift": 8478.167422666313, "mds": 0, "mean_pred": 0.5002458656436419, "mean_true": 5.899705014744683e-05}, "train.accumulative": {"cor": 0.8272507792096937, "r2": 0, "mann-w": 2.0824497020557636e-22, "uplift": 8474.250000006507, "mds": 0, "mean_pred": 0.5000147492625326, "mean_true": 5.899705014744683e-05}, "validation.accumulative": {"cor": 0.7077638841107082, "r2": 0, "mann-w": 6.2289267763769366e-09, "uplift": 8478.167422666313, "mds": 0, "mean_pred": 0.5002458656436419, "mean_true": 5.899705014744683e-05}}