	Estimate	p-value
ESRP2	0.3430854741225273	0.0
RBM24	-0.4167230016116854	0.0
ZFP36	0.053136258996237674	0.0
ESRP1	1.4900108802997967	0.0
RBM42	0.00900199957351032	0.0
CELF5	-1.0675481570584906	0.0
SNRPB2	-0.06208816825129329	0.0
ZFP36L2	0.5161331984521736	0.0
G3BP2	0.6237902876566125	0.0
RBM38	-0.4733831129409726	0.0
IGF2BP2	0.25853896939541937	0.0
(Intercept)	-9.75649511210336	0.0
