{"train": {"cor": 0.5647429335081148, "r2": 0, "mann-w": 3.4385471300066954e-56, "uplift": 2.987418559763519, "mds": 0, "mean_pred": 0.517176060936692, "mean_true": 0.12970197464480981}, "validation": {"cor": 0.5315204482850264, "r2": 0, "mann-w": 3.704090459489738e-17, "uplift": 2.6697407705930276, "mds": 0, "mean_pred": 0.5130910562081888, "mean_true": 0.13981670321777898}, "train.accumulative": {"cor": 0.5080774868138129, "r2": 0, "mann-w": 5.868932357248056e-56, "uplift": 2.97307659452504, "mds": 0, "mean_pred": 0.5153158797249741, "mean_true": 0.12970197464480981}, "validation.accumulative": {"cor": 0.5295084173028349, "r2": 0, "mann-w": 3.834110573151905e-17, "uplift": 2.6693406485887325, "mds": 0, "mean_pred": 0.5130351124686634, "mean_true": 0.13981670321777898}}