{"train": {"cor": 0.595535863522229, "r2": 0, "mann-w": 1.0074543659536142e-36, "uplift": 1.7248126618347344, "mds": 0, "mean_pred": 0.5452924951203073, "mean_true": 0.20012109557401214}, "validation": {"cor": 0.1465054744930879, "r2": 0, "mann-w": 5.991629962835729e-13, "uplift": 1.25328036517732, "mds": 0, "mean_pred": 0.5533704637440272, "mean_true": 0.24558438101886187}, "train.accumulative": {"cor": 0.595535863522229, "r2": 0, "mann-w": 1.105135190195889e-36, "uplift": 1.7227849447294263, "mds": 0, "mean_pred": 0.5448867061516789, "mean_true": 0.20012109557401214}, "validation.accumulative": {"cor": 0.1465054744930879, "r2": 0, "mann-w": 5.991629962835729e-13, "uplift": 1.2513374493888247, "mds": 0, "mean_pred": 0.5528933139727378, "mean_true": 0.24558438101886187}}