{"train": {"cor": 0.8272507792096937, "r2": 0, "mann-w": 1.6999728519790625e-17, "uplift": -0.26890988889225365, "mds": 0.7310901111077464, "mean_pred": 0.731046978947799, "mean_true": 0.9999410029498526}, "validation": {"cor": 0.7077638841107082, "r2": 0, "mann-w": 6.2289267763769366e-09, "uplift": -0.2690917043634122, "mds": 0.7309082956365878, "mean_pred": 0.730865174203217, "mean_true": 0.9999410029498526}}