{"train": {"cor": NaN, "r2": 0, "mann-w": 2.1376214088617443e-26, "uplift": -0.26890988889225365, "mds": 0.7310901111077464, "mean_pred": 0.731046978947799, "mean_true": 0.9999410029498526}, "validation": {"cor": NaN, "r2": 0, "mann-w": 1.3506188263604e-09, "uplift": -0.26853653666013116, "mds": 0.7314634633398689, "mean_pred": 0.731046978947799, "mean_true": 0.9994306149070411}}