{"train": {"cor": 0.5574168843591033, "r2": 0, "mann-w": 7.076656521925578e-30, "uplift": 92.39419212954829, "mds": 0, "mean_pred": 0.5014783222147647, "mean_true": 0.005369480807962424}, "validation": {"cor": 0.5416088367075756, "r2": 0, "mann-w": 3.0759496440826603e-11, "uplift": 73.52334836857445, "mds": 0, "mean_pred": 0.5022833805858308, "mean_true": 0.006739946494374606}, "train.accumulative": {"cor": 0.609533357592027, "r2": 0, "mann-w": 7.815530992200111e-30, "uplift": 92.35356795627595, "mds": 0, "mean_pred": 0.5012601914960396, "mean_true": 0.005369480807962424}, "validation.accumulative": {"cor": 0.24520094509109858, "r2": 0, "mann-w": 3.0759496440826603e-11, "uplift": 73.20082927648508, "mds": 0, "mean_pred": 0.5001096191617342, "mean_true": 0.006739946494374606}}