{"train": {"cor": NaN, "r2": 0, "mann-w": 3.529799800429576e-23, "uplift": -0.26890988889225365, "mds": 0.7310901111077464, "mean_pred": 0.731046978947799, "mean_true": 0.9999410029498526}, "validation": {"cor": NaN, "r2": 0, "mann-w": 2.9421496975249686e-09, "uplift": -0.26868743323772193, "mds": 0.7313125667622781, "mean_pred": 0.731046978947799, "mean_true": 0.999636834061727}}