{"train": {"cor": NaN, "r2": 0, "mann-w": 9.21273253365279e-144, "uplift": 1245.5365841295327, "mds": 0, "mean_pred": 0.5000997338235764, "mean_true": 0.0004011913811360782}, "validation": {"cor": NaN, "r2": 0, "mann-w": 6.055634539440293e-49, "uplift": 1091.4020775959712, "mds": 0, "mean_pred": 0.5000997338235764, "mean_true": 0.0004577982265688624}, "train.accumulative": {"cor": 0.01223235801306665, "r2": 0, "mann-w": 5.831355244169974e-126, "uplift": 1245.5365261088307, "mds": 0, "mean_pred": 0.5000997105461709, "mean_true": 0.0004011913811360782}, "validation.accumulative": {"cor": -0.10572392181673282, "r2": 0, "mann-w": 4.745694148180768e-43, "uplift": 1091.4019950552413, "mds": 0, "mean_pred": 0.5000996960365767, "mean_true": 0.0004577982265688624}}