{"train": {"cor": NaN, "r2": 0, "mann-w": 2.1115777856557453e-77, "uplift": 52.29971693932325, "mds": 0, "mean_pred": 0.5022758626265117, "mean_true": 0.00942361219663335}, "validation": {"cor": NaN, "r2": 0, "mann-w": 2.8093834772437776e-27, "uplift": 51.058024376050376, "mds": 0, "mean_pred": 0.5022758626265117, "mean_true": 0.009648385021264597}, "train.accumulative": {"cor": NaN, "r2": 0, "mann-w": 2.1115777856557453e-77, "uplift": 52.29970269135503, "mds": 0, "mean_pred": 0.5022757283591847, "mean_true": 0.00942361219663335}, "validation.accumulative": {"cor": NaN, "r2": 0, "mann-w": 2.8093834772437776e-27, "uplift": 51.05801046000881, "mds": 0, "mean_pred": 0.5022757283591847, "mean_true": 0.009648385021264597}}