	Estimate	p-value
MSI1	0.6051038072376823	0.0
CFTR	-0.3174569487200106	0.0
ZFP36L2	0.6953046939195565	0.0
IGF2BP2	-0.3090043671087481	0.0
DDX58	0.49079542690597067	0.0
(Intercept)	-9.624462724860887	0.0
