{"train": {"cor": 0.18049241565076224, "r2": 0, "mann-w": 4.767773860763027e-67, "uplift": 18.317500690411197, "mds": 0, "mean_pred": 0.5018472472179446, "mean_true": 0.02597889112368719}, "validation": {"cor": 0.024324124176449656, "r2": 0, "mann-w": 9.093053148317725e-26, "uplift": 20.083040854662602, "mds": 0, "mean_pred": 0.501781898390238, "mean_true": 0.023800262108739728}, "train.accumulative": {"cor": 0.10499026895669716, "r2": 0, "mann-w": 1.0554513142877472e-66, "uplift": 18.261850849146636, "mds": 0, "mean_pred": 0.5004015260506821, "mean_true": 0.02597889112368719}, "validation.accumulative": {"cor": -0.0203778836200279, "r2": 0, "mann-w": 9.093053148317725e-26, "uplift": 20.02571172796217, "mds": 0, "mean_pred": 0.5004174501483026, "mean_true": 0.023800262108739728}}