{"train": {"cor": 0.4981213805223641, "r2": 0, "mann-w": 3.065277823302489e-121, "uplift": 21.5685418513161, "mds": 0, "mean_pred": 0.5041825313528417, "mean_true": 0.022340057885637837}, "validation": {"cor": 0.37654120478733827, "r2": 0, "mann-w": 7.795362475317813e-42, "uplift": 22.976105869163522, "mds": 0, "mean_pred": 0.5050187784670549, "mean_true": 0.021063419607125464}, "train.accumulative": {"cor": 0.49806376669715946, "r2": 0, "mann-w": 3.065277823302489e-121, "uplift": 21.566536324673113, "mds": 0, "mean_pred": 0.5041377277715463, "mean_true": 0.022340057885637837}, "validation.accumulative": {"cor": 0.3799267071380465, "r2": 0, "mann-w": 7.795362475317813e-42, "uplift": 22.963349460635023, "mds": 0, "mean_pred": 0.5047500848815392, "mean_true": 0.021063419607125464}}