{"train": {"cor": 0.7603645313889784, "r2": 0, "mann-w": 3.411374953359331e-67, "uplift": 1.0132670809363724, "mds": 0, "mean_pred": 0.5649440333485721, "mean_true": 0.2806105750687664}, "validation": {"cor": 0.42149260072925704, "r2": 0, "mann-w": 1.2574225825085306e-20, "uplift": 1.0175496340444297, "mds": 0, "mean_pred": 0.566019279963518, "mean_true": 0.28054788363687577}, "train.accumulative": {"cor": 0.4953985282639057, "r2": 0, "mann-w": 1.4000896150272437e-54, "uplift": 0.872773554833319, "mds": 0.12722644516668102, "mean_pred": 0.5255200641953556, "mean_true": 0.2806105750687664}, "validation.accumulative": {"cor": 0.40566146307350615, "r2": 0, "mann-w": 9.209744706663524e-16, "uplift": 0.8675872230281021, "mds": 0.1324127769718979, "mean_pred": 0.5239476429278039, "mean_true": 0.28054788363687577}}