{"train": {"cor": NaN, "r2": 0, "mann-w": 9.332590609490557e-20, "uplift": 39.92525330153373, "mds": 0, "mean_pred": 0.50307308267783, "mean_true": 0.012292485497187543}, "validation": {"cor": NaN, "r2": 0, "mann-w": 1.3988907336080776e-07, "uplift": 52.285209635412805, "mds": 0, "mean_pred": 0.50307308267783, "mean_true": 0.009441139222683902}, "train.accumulative": {"cor": 0.19318107295093123, "r2": 0, "mann-w": 3.0108973150446347e-18, "uplift": 39.92499051319993, "mds": 0, "mean_pred": 0.503069852356048, "mean_true": 0.012292485497187543}, "validation.accumulative": {"cor": 0.09068526371192148, "r2": 0, "mann-w": 7.707563526090358e-07, "uplift": 52.28465752404385, "mds": 0, "mean_pred": 0.5030678701175293, "mean_true": 0.009441139222683902}}