{"train": {"cor": NaN, "r2": 0, "mann-w": 7.512629062545127e-51, "uplift": -0.26866661302590256, "mds": 0.7313333869740974, "mean_pred": 0.7309627996022305, "mean_true": 0.9994932716344317}, "validation": {"cor": NaN, "r2": 0, "mann-w": 7.797786598780858e-19, "uplift": -0.2686273249534362, "mds": 0.7313726750465638, "mean_pred": 0.7309627996022305, "mean_true": 0.9994395805882313}}