{"train": {"cor": 0.6460741648372821, "r2": 0, "mann-w": 0.29535796902614453, "uplift": 0.02562255186630408, "mds": 0.9743774481336959, "mean_pred": 0.6515208334169239, "mean_true": 0.6352442545567714}, "validation": {"cor": 0.6045777599426482, "r2": 0, "mann-w": 0.0020852394992158132, "uplift": -0.11147459638633592, "mds": 0.888525403613664, "mean_pred": 0.6608895423463712, "mean_true": 0.7438048925315024}}