{"train": {"cor": 0.48112857634505074, "r2": 0, "mann-w": 0.0, "uplift": -0.26549566653257883, "mds": 0.7345043334674212, "mean_pred": 0.7301452760935262, "mean_true": 0.9940653074797845}, "validation": {"cor": 0.4736189136824001, "r2": 0, "mann-w": 0.0, "uplift": -0.2653731348403716, "mds": 0.7346268651596284, "mean_pred": 0.7300922984828776, "mean_true": 0.9938273879001615}}