{"train": {"cor": NaN, "r2": 0, "mann-w": 0.0, "uplift": 23.739659630585262, "mds": 0, "mean_pred": 0.505068201278631, "mean_true": 0.020415325385245917}, "validation": {"cor": NaN, "r2": 0, "mann-w": 0.0, "uplift": 23.080606599370263, "mds": 0, "mean_pred": 0.505068201278631, "mean_true": 0.020974064718612156}, "train.accumulative": {"cor": 0.0039035714802617325, "r2": 0, "mann-w": 0.0, "uplift": 23.6492831316063, "mds": 0, "mean_pred": 0.503223135644796, "mean_true": 0.020415325385245917}, "validation.accumulative": {"cor": 0.02462667521637799, "r2": 0, "mann-w": 0.0, "uplift": 22.991702498659592, "mds": 0, "mean_pred": 0.5032035209165753, "mean_true": 0.020974064718612156}}