{"train": {"cor": 0.3200700549779469, "r2": 0, "mann-w": 7.0804860919164065e-93, "uplift": -0.25857527520306645, "mds": 0.7414247247969336, "mean_pred": 0.7303834084489398, "mean_true": 0.985107973906565}, "validation": {"cor": 0.17621485325166653, "r2": 0, "mann-w": 5.973276518756318e-33, "uplift": -0.2558068761653873, "mds": 0.7441931238346127, "mean_pred": 0.7303254390018117, "mean_true": 0.9813654757230961}, "train.accumulative": {"cor": -0.11951233839928606, "r2": 0, "mann-w": 3.977765573037628e-94, "uplift": -0.3848961791668177, "mds": 0.6151038208331823, "mean_pred": 0.605943678683163, "mean_true": 0.985107973906565}, "validation.accumulative": {"cor": -0.3775395004058269, "r2": 0, "mann-w": 4.066980090032078e-34, "uplift": -0.38117038023998245, "mds": 0.6188296197600176, "mean_pred": 0.6072980241873323, "mean_true": 0.9813654757230961}}