	Estimate	p-value
RAVER1	2.377890422760247	0.0
(Intercept)	-0.16783559754814803	0.0
