{"train": {"cor": 0.4958811131471119, "r2": 0, "mann-w": 1.2470803616571362e-08, "uplift": -0.26872849421107003, "mds": 0.73127150578893, "mean_pred": 0.7309267308609083, "mean_true": 0.9995285267847956}, "validation": {"cor": 0.7431437737354468, "r2": 0, "mann-w": 0.006243169566795771, "uplift": -0.255129075405181, "mds": 0.7448709245948191, "mean_pred": 0.7278392339383347, "mean_true": 0.977134708720509}}