{"train": {"cor": 0.8516965027973381, "r2": 0, "mann-w": 4.384308079960858e-46, "uplift": 0.9823291367092926, "mds": 0.01767086329070744, "mean_pred": 0.5684697383037791, "mean_true": 0.2867685934574168}, "validation": {"cor": 0.8678228124093235, "r2": 0, "mann-w": 2.9577534897432476e-14, "uplift": 1.099191653260119, "mds": 0, "mean_pred": 0.561938716393633, "mean_true": 0.2676929071821157}}