	Estimate	p-value
CELF2	-0.22342606730407827	0.0
ZFP36	0.023877094402215637	0.0
ESRP1	0.449837140160514	0.0
RBMS1	0.5781146037570535	0.0
CELF4	-0.19701042716893424	0.0
IGF2BP2	0.1966961675971391	0.0
(Intercept)	-6.219964399565398	0.0
