{"train": {"cor": 0.7048734337626889, "r2": 0, "mann-w": 8.277151445310925e-44, "uplift": 5.602457684487484, "mds": 0, "mean_pred": 0.5194892757572613, "mean_true": 0.07868119730290808}, "validation": {"cor": 0.5472077505263815, "r2": 0, "mann-w": 3.3989147730331476e-16, "uplift": 7.577344635397403, "mds": 0, "mean_pred": 0.5220892712159291, "mean_true": 0.06086840314907549}, "train.accumulative": {"cor": 0.7093768034478135, "r2": 0, "mann-w": 8.277151445310925e-44, "uplift": 5.599906504419987, "mds": 0, "mean_pred": 0.5192885458550154, "mean_true": 0.07868119730290808}, "validation.accumulative": {"cor": 0.5213391297164135, "r2": 0, "mann-w": 3.3989147730331476e-16, "uplift": 7.55573588880922, "mds": 0, "mean_pred": 0.5207739813170533, "mean_true": 0.06086840314907549}}