{"train": {"cor": NaN, "r2": 0, "mann-w": 2.0912013442571735e-46, "uplift": 18.571726422239205, "mds": 0, "mean_pred": 0.5064690355290571, "mean_true": 0.02587758609549948}, "validation": {"cor": NaN, "r2": 0, "mann-w": 9.833659798803424e-17, "uplift": 13.518707182543107, "mds": 0, "mean_pred": 0.5064690355290571, "mean_true": 0.03488389352862089}, "train.accumulative": {"cor": 0.23423068958591647, "r2": 0, "mann-w": 7.351406095070908e-41, "uplift": 18.36598237112366, "mds": 0, "mean_pred": 0.5011448761326778, "mean_true": 0.02587758609549948}, "validation.accumulative": {"cor": 0.045686013573556776, "r2": 0, "mann-w": 7.17542653196834e-15, "uplift": 13.375922677686859, "mds": 0, "mean_pred": 0.5014881560641149, "mean_true": 0.03488389352862089}}