{"train": {"cor": 0.6564862821211982, "r2": 0, "mann-w": 0.03270990894710269, "uplift": 0.06083497323974001, "mds": 0.93916502676026, "mean_pred": 0.662657278412838, "mean_true": 0.6246563274484757}, "validation": {"cor": 0.5079893415867669, "r2": 0, "mann-w": 0.09684315356912238, "uplift": 0.07152769454511243, "mds": 0.9284723054548876, "mean_pred": 0.6746032763208168, "mean_true": 0.6295714798180752}}