{"train": {"cor": 0.6373649543478573, "r2": 0, "mann-w": 1.2390902120148417e-06, "uplift": -0.07004971016476491, "mds": 0.9299502898352351, "mean_pred": 0.679001245374146, "mean_true": 0.7301478937056396}, "validation": {"cor": 0.40479964815499553, "r2": 0, "mann-w": 0.03423850153585131, "uplift": -0.058886789660178664, "mds": 0.9411132103398213, "mean_pred": 0.6754981556399766, "mean_true": 0.7177650342364919}}