{"train": {"cor": 0.8463953854747327, "r2": 0, "mann-w": 1.2036298276468019e-20, "uplift": 0.3252472610407717, "mds": 0.6747527389592283, "mean_pred": 0.6127219969014357, "mean_true": 0.46234541652267946}, "validation": {"cor": 0.6348445764362455, "r2": 0, "mann-w": 3.746456332071022e-08, "uplift": 0.2973282064303515, "mds": 0.7026717935696485, "mean_pred": 0.6210654543233142, "mean_true": 0.47872654833598327}}