{"train": {"cor": NaN, "r2": 0, "mann-w": 7.673217267982916e-15, "uplift": 94.8909877655893, "mds": 0, "mean_pred": 0.5013069680424822, "mean_true": 0.005227884076738829}, "validation": {"cor": NaN, "r2": 0, "mann-w": 1.2764943055557748e-05, "uplift": 106.95185583350661, "mds": 0, "mean_pred": 0.5013069680424822, "mean_true": 0.004643801296159692}, "train.accumulative": {"cor": 0.28525683150939063, "r2": 0, "mann-w": 3.2727502944570765e-13, "uplift": 94.89080540367367, "mds": 0, "mean_pred": 0.5013060146755273, "mean_true": 0.005227884076738829}, "validation.accumulative": {"cor": 0.18790427454552994, "r2": 0, "mann-w": 4.0757680638716086e-05, "uplift": 106.94724840122431, "mds": 0, "mean_pred": 0.5012855720424777, "mean_true": 0.004643801296159692}}