{"train": {"cor": NaN, "r2": 0, "mann-w": 7.673217267982916e-15, "uplift": -0.24695684152355596, "mds": 0.7530431584764441, "mean_pred": 0.7231943660290641, "mean_true": 0.9603624412340854}, "validation": {"cor": NaN, "r2": 0, "mann-w": 1.2764943055557748e-05, "uplift": -0.2500497914352119, "mds": 0.7499502085647881, "mean_pred": 0.7231943660290641, "mean_true": 0.9643231747519241}, "train.accumulative": {"cor": -0.6023827976767346, "r2": 0, "mann-w": 3.2727502944570765e-13, "uplift": -0.250587603929268, "mds": 0.749412396070732, "mean_pred": 0.7197075181815735, "mean_true": 0.9603624412340854}, "validation.accumulative": {"cor": 0.2500704322115045, "r2": 0, "mann-w": 4.0757680638716086e-05, "uplift": -0.25676345494917374, "mds": 0.7432365450508263, "mean_pred": 0.7167202247150642, "mean_true": 0.9643231747519241}}