{"train": {"cor": 0.745240520907136, "r2": 0, "mann-w": 0.1788781780165778, "uplift": -0.048245277019511985, "mds": 0.951754722980488, "mean_pred": 0.6499846606878734, "mean_true": 0.6829329500487268}, "validation": {"cor": 0.09727084631416061, "r2": 0, "mann-w": 0.292364816279136, "uplift": -0.01249261945751518, "mds": 0.9875073805424848, "mean_pred": 0.6926592534515839, "mean_true": 0.7014218496990606}, "train.accumulative": {"cor": 0.706288360808774, "r2": 0, "mann-w": 0.13346212205247387, "uplift": -0.07337819995485992, "mds": 0.92662180004514, "mean_pred": 0.632820559484289, "mean_true": 0.6829329500487268}, "validation.accumulative": {"cor": 0.09602488664976463, "r2": 0, "mann-w": 0.2547693778034217, "uplift": -0.015776381004397832, "mds": 0.9842236189956022, "mean_pred": 0.6903559513533988, "mean_true": 0.7014218496990606}}