{"train": {"cor": 0.39716806005371785, "r2": 0, "mann-w": 6.260448383431299e-253, "uplift": 8474.495463889794, "mds": 0, "mean_pred": 0.5000292309075643, "mean_true": 5.899705014744683e-05}, "validation": {"cor": 0.36734939082365364, "r2": 0, "mann-w": 2.277435461395793e-86, "uplift": 8474.461642817458, "mds": 0, "mean_pred": 0.5000272355640636, "mean_true": 5.899705014744683e-05}, "train.accumulative": {"cor": 0.39716806005371785, "r2": 0, "mann-w": 6.260448383431299e-253, "uplift": 8474.495463889794, "mds": 0, "mean_pred": 0.5000292309075643, "mean_true": 5.899705014744683e-05}, "validation.accumulative": {"cor": 0.36734939082365364, "r2": 0, "mann-w": 2.277435461395793e-86, "uplift": 8474.461642817458, "mds": 0, "mean_pred": 0.5000272355640636, "mean_true": 5.899705014744683e-05}}