{"train": {"cor": NaN, "r2": 0, "mann-w": 6.117103842793057e-20, "uplift": 503.1529842727997, "mds": 0, "mean_pred": 0.5002480636027972, "mean_true": 0.0009922544926008223}, "validation": {"cor": NaN, "r2": 0, "mann-w": 1.3246018469428246e-07, "uplift": 311.4227608998959, "mds": 0, "mean_pred": 0.5002480636027972, "mean_true": 0.0016011895617396546}, "train.accumulative": {"cor": 0.2292623209593031, "r2": 0, "mann-w": 2.1127273080415733e-18, "uplift": 503.1529695235408, "mds": 0, "mean_pred": 0.5002480489677787, "mean_true": 0.0009922544926008223}, "validation.accumulative": {"cor": 0.17691144727253477, "r2": 0, "mann-w": 7.390692202559783e-07, "uplift": 311.4226517266585, "mds": 0, "mean_pred": 0.5002478887957491, "mean_true": 0.0016011895617396546}}