{"train": {"cor": NaN, "r2": 0, "mann-w": 3.273642384250769e-138, "uplift": 24.070684642209283, "mds": 0, "mean_pred": 0.5050117571370027, "mean_true": 0.020143516794382206}, "validation": {"cor": NaN, "r2": 0, "mann-w": 3.840268620101624e-47, "uplift": 28.72974192506338, "mds": 0, "mean_pred": 0.5050117571370027, "mean_true": 0.016986752135620033}, "train.accumulative": {"cor": 0.12548832207794255, "r2": 0, "mann-w": 3.1995833850770645e-121, "uplift": 24.067619632163606, "mds": 0, "mean_pred": 0.5049500170556727, "mean_true": 0.020143516794382206}, "validation.accumulative": {"cor": 0.19123253836845389, "r2": 0, "mann-w": 1.6617867127798608e-41, "uplift": 28.726483192030283, "mds": 0, "mean_pred": 0.5049564018466934, "mean_true": 0.016986752135620033}}