{"train": {"cor": 0.7353820525695216, "r2": 0, "mann-w": 4.1330162127762996e-24, "uplift": 7.380189373664776, "mds": 0, "mean_pred": 0.515369802629992, "mean_true": 0.0614985866846364}, "validation": {"cor": -0.030177225634501315, "r2": 0, "mann-w": 7.196802703807071e-09, "uplift": 6.031525748665363, "mds": 0, "mean_pred": 0.5138740844437928, "mean_true": 0.07308144815388466}, "train.accumulative": {"cor": 0.7341687828690302, "r2": 0, "mann-w": 4.1330162127762996e-24, "uplift": 7.378218928191259, "mds": 0, "mean_pred": 0.5152486230182316, "mean_true": 0.0614985866846364}, "validation.accumulative": {"cor": -0.03008152310291884, "r2": 0, "mann-w": 7.196802703807071e-09, "uplift": 6.029869099545663, "mds": 0, "mean_pred": 0.5137530141270422, "mean_true": 0.07308144815388466}}