{"train": {"cor": NaN, "r2": 0, "mann-w": 5.603435230784893e-78, "uplift": -0.25795012980271637, "mds": 0.7420498701972836, "mean_pred": 0.7271091574740423, "mean_true": 0.9798656218088561}, "validation": {"cor": NaN, "r2": 0, "mann-w": 5.585443027276418e-26, "uplift": -0.25795433071628293, "mds": 0.7420456692837171, "mean_pred": 0.7271091574740423, "mean_true": 0.9798711690830394}, "train.accumulative": {"cor": -0.3573272977804748, "r2": 0, "mann-w": 1.9416032710194003e-68, "uplift": -0.4270105823026378, "mds": 0.5729894176973622, "mean_pred": 0.5614526320619202, "mean_true": 0.9798656218088561}, "validation.accumulative": {"cor": -0.36663284074010705, "r2": 0, "mann-w": 3.752127402725328e-24, "uplift": -0.4355562599550436, "mds": 0.5644437400449565, "mean_pred": 0.5530821474394546, "mean_true": 0.9798711690830394}}