{"train": {"cor": NaN, "r2": 0, "mann-w": 1.879313140667187e-24, "uplift": 6185.57553628843, "mds": 0, "mean_pred": 0.5000201329259157, "mean_true": 8.082341030073278e-05}, "validation": {"cor": NaN, "r2": 0, "mann-w": 2.9421496975249686e-09, "uplift": 7392.4810316435805, "mds": 0, "mean_pred": 0.5000201329259157, "mean_true": 6.762986620048994e-05}, "train.accumulative": {"cor": 0.1146888036303832, "r2": 0, "mann-w": 1.2923924432240655e-21, "uplift": 6185.575517947989, "mds": 0, "mean_pred": 0.5000201314435788, "mean_true": 8.082341030073278e-05}, "validation.accumulative": {"cor": 0.20917172551547378, "r2": 0, "mann-w": 2.6828060131312847e-08, "uplift": 7392.481004058967, "mds": 0, "mean_pred": 0.500020131060372, "mean_true": 6.762986620048994e-05}}