{"train": {"cor": 0.6000930882161538, "r2": 0, "mann-w": 2.1495937239880197e-116, "uplift": 2.8939557640105233, "mds": 0, "mean_pred": 0.532530244245692, "mean_true": 0.13675816483781011}, "validation": {"cor": 0.40500136131331077, "r2": 0, "mann-w": 1.9336568277373906e-40, "uplift": 2.5305316662063606, "mds": 0, "mean_pred": 0.5322865445633215, "mean_true": 0.1507666818735196}, "train.accumulative": {"cor": 0.592463887451594, "r2": 0, "mann-w": 3.0635595816296495e-116, "uplift": 2.8806190368025266, "mds": 0, "mean_pred": 0.5307063379077839, "mean_true": 0.13675816483781011}, "validation.accumulative": {"cor": 0.3867308155262387, "r2": 0, "mann-w": 2.346317129656833e-40, "uplift": 2.5199926528442433, "mds": 0, "mean_pred": 0.5306976124884943, "mean_true": 0.1507666818735196}}