{"train": {"cor": NaN, "r2": 0, "mann-w": 6.353543557135562e-73, "uplift": 27.067300691125574, "mds": 0, "mean_pred": 0.5044932670965733, "mean_true": 0.017974413451739085}, "validation": {"cor": NaN, "r2": 0, "mann-w": 8.940561423844777e-26, "uplift": 28.05614316860993, "mds": 0, "mean_pred": 0.5044932670965733, "mean_true": 0.017362705854285225}, "train.accumulative": {"cor": 0.013487250862686321, "r2": 0, "mann-w": 4.461773525724042e-64, "uplift": 27.066162886624586, "mds": 0, "mean_pred": 0.5044728157280453, "mean_true": 0.017974413451739085}, "validation.accumulative": {"cor": -0.12984330311093573, "r2": 0, "mann-w": 8.564151458702349e-23, "uplift": 28.054837640353306, "mds": 0, "mean_pred": 0.5044705995934691, "mean_true": 0.017362705854285225}}