{"train": {"cor": 0.6768095301571646, "r2": 0, "mann-w": 2.0411615210136087e-80, "uplift": 0.6613009340075461, "mds": 0.3386990659924539, "mean_pred": 0.5810175150727275, "mean_true": 0.34973646446531664}, "validation": {"cor": 0.5057391398170984, "r2": 0, "mann-w": 8.038175214074541e-35, "uplift": 1.1987526123889722, "mds": 0, "mean_pred": 0.5679475028120502, "mean_true": 0.25830441297121104}, "train.accumulative": {"cor": 0.6139244643957535, "r2": 0, "mann-w": 5.057474514103431e-68, "uplift": 0.5824428950602635, "mds": 0.4175571049397365, "mean_pred": 0.5534379833366366, "mean_true": 0.34973646446531664}, "validation.accumulative": {"cor": 0.46097489692618154, "r2": 0, "mann-w": 5.2109051029647775e-30, "uplift": 1.1169108609158718, "mds": 0, "mean_pred": 0.5468074172412553, "mean_true": 0.25830441297121104}}