{"train": {"cor": 0.799129385949056, "r2": 0, "mann-w": 1.7256876235691544e-12, "uplift": -0.2689220100761336, "mds": 0.7310779899238664, "mean_pred": 0.7310348584790332, "mean_true": 0.9999410029498526}, "validation": {"cor": 0.3095878124668511, "r2": 0, "mann-w": 4.4602426253519795e-07, "uplift": -0.271709989992867, "mds": 0.728290010007133, "mean_pred": 0.7282470430448907, "mean_true": 0.9999410029498526}}