{"train": {"cor": NaN, "r2": 0, "mann-w": 1.1051808296607536e-51, "uplift": 408.9813109478743, "mds": 0, "mean_pred": 0.500304476108382, "mean_true": 0.0012203104452534216}, "validation": {"cor": NaN, "r2": 0, "mann-w": 1.2554560601508689e-18, "uplift": 290.47818062130546, "mds": 0, "mean_pred": 0.500304476108382, "mean_true": 0.0017164388601642467}, "train.accumulative": {"cor": 0.1314737527457286, "r2": 0, "mann-w": 1.7804691981990466e-45, "uplift": 408.9475799892074, "mds": 0, "mean_pred": 0.5002633138671924, "mean_true": 0.0012203104452534216}, "validation.accumulative": {"cor": 0.04125456323035519, "r2": 0, "mann-w": 1.5714461950268705e-16, "uplift": 290.4682423151298, "mds": 0, "mean_pred": 0.500287417613458, "mean_true": 0.0017164388601642467}}