	Estimate	p-value
ESRP1	0.99164622044749	0.0
(Intercept)	-7.321622290591406	0.0
