{"train": {"cor": 0.6217802805125656, "r2": 0, "mann-w": 3.323538802548775e-15, "uplift": 58.1556696079678, "mds": 0, "mean_pred": 0.5019918249528837, "mean_true": 0.008485946119444643}, "validation": {"cor": 0.3579558999009727, "r2": 0, "mann-w": 3.7232106016126204e-06, "uplift": 67.85387632073417, "mds": 0, "mean_pred": 0.5016566737906337, "mean_true": 0.007285816000450338}, "train.accumulative": {"cor": 0.6197952402921083, "r2": 0, "mann-w": 3.323538802548775e-15, "uplift": 58.149134558866955, "mds": 0, "mean_pred": 0.501936368878326, "mean_true": 0.008485946119444643}, "validation.accumulative": {"cor": 0.35796809176719135, "r2": 0, "mann-w": 3.7232106016126204e-06, "uplift": 67.85351520666774, "mds": 0, "mean_pred": 0.5016540427799905, "mean_true": 0.007285816000450338}}