{"train": {"cor": 0.5777832460688697, "r2": 0, "mann-w": 2.689442056992589e-47, "uplift": 8478.192427046532, "mds": 0, "mean_pred": 0.5002473408283156, "mean_true": 5.899705014744683e-05}, "validation": {"cor": 0.34742469553844996, "r2": 0, "mann-w": 2.5842162550785786e-21, "uplift": 8477.975685664695, "mds": 0, "mean_pred": 0.5002345537261423, "mean_true": 5.899705014744683e-05}, "train.accumulative": {"cor": 0.5777832460688697, "r2": 0, "mann-w": 2.689442056992589e-47, "uplift": 8478.192427046532, "mds": 0, "mean_pred": 0.5002473408283156, "mean_true": 5.899705014744683e-05}, "validation.accumulative": {"cor": 0.34742469553844996, "r2": 0, "mann-w": 2.5842162550785786e-21, "uplift": 8477.975685664695, "mds": 0, "mean_pred": 0.5002345537261423, "mean_true": 5.899705014744683e-05}}