{"train": {"cor": 0.36402889101180014, "r2": 0, "mann-w": 4.706179425481856e-70, "uplift": 28.542437507326316, "mds": 0, "mean_pred": 0.5018704776495313, "mean_true": 0.016988120141578397}, "validation": {"cor": 0.18807413063737738, "r2": 0, "mann-w": 4.0491918701108573e-25, "uplift": 26.974017195033724, "mds": 0, "mean_pred": 0.5010492316237852, "mean_true": 0.017911236277953577}, "train.accumulative": {"cor": 0.34613466217395555, "r2": 0, "mann-w": 4.706179425481856e-70, "uplift": 28.50464220198302, "mds": 0, "mean_pred": 0.5012284064615717, "mean_true": 0.016988120141578397}, "validation.accumulative": {"cor": 0.1792862918305921, "r2": 0, "mann-w": 4.0491918701108573e-25, "uplift": 26.959029414268578, "mds": 0, "mean_pred": 0.5007807819412186, "mean_true": 0.017911236277953577}}