{"train": {"cor": NaN, "r2": 0, "mann-w": 8.90852044927385e-26, "uplift": 113.06011725977976, "mds": 0, "mean_pred": 0.5010983188623035, "mean_true": 0.004393282515403852}, "validation": {"cor": NaN, "r2": 0, "mann-w": 1.6527685709226967e-09, "uplift": 38.0816540298539, "mds": 0, "mean_pred": 0.5010983188623035, "mean_true": 0.012821829866246753}, "train.accumulative": {"cor": 0.4100969657262211, "r2": 0, "mann-w": 6.985005456443089e-24, "uplift": 113.06008776226714, "mds": 0, "mean_pred": 0.501098189271397, "mean_true": 0.004393282515403852}, "validation.accumulative": {"cor": -0.520391154408761, "r2": 0, "mann-w": 1.562699999200436e-08, "uplift": 38.08156473793809, "mds": 0, "mean_pred": 0.5010971739765505, "mean_true": 0.012821829866246753}}