{"train": {"cor": 0.5866072961119608, "r2": 0, "mann-w": 1.5321411665377444e-43, "uplift": 1.219121611823963, "mds": 0, "mean_pred": 0.5372933192886262, "mean_true": 0.2421198173303394}, "validation": {"cor": 0.0863488564735999, "r2": 0, "mann-w": 9.120840428110143e-17, "uplift": 1.3363241755682813, "mds": 0, "mean_pred": 0.5308091610283799, "mean_true": 0.2271984198850604}, "train.accumulative": {"cor": 0.40678466799261703, "r2": 0, "mann-w": 3.783614476369195e-38, "uplift": 1.1335902864704333, "mds": 0, "mean_pred": 0.5165844904180078, "mean_true": 0.2421198173303394}, "validation.accumulative": {"cor": 0.09819350156096608, "r2": 0, "mann-w": 3.059161800272166e-15, "uplift": 1.2652496920656042, "mds": 0, "mean_pred": 0.5146611506824249, "mean_true": 0.2271984198850604}}