{"train": {"cor": 0.6212359764093246, "r2": 0, "mann-w": 0.004657314945954244, "uplift": 0.1641464729019034, "mds": 0.8358535270980966, "mean_pred": 0.6499307384461994, "mean_true": 0.5582894881140663}, "validation": {"cor": 0.4244628727999452, "r2": 0, "mann-w": 0.35519686796364314, "uplift": -0.029124702969499983, "mds": 0.9708752970305, "mean_pred": 0.6530789319313162, "mean_true": 0.67267025325375}}