{"train": {"cor": 0.8308094379608935, "r2": 0, "mann-w": 4.260695504803097e-25, "uplift": 57.840943052559204, "mds": 0, "mean_pred": 0.5017219292411725, "mean_true": 0.008526748607564182}, "validation": {"cor": 0.7915361941890607, "r2": 0, "mann-w": 3.3184428214986893e-09, "uplift": 74.03459717600393, "mds": 0, "mean_pred": 0.5019392715050247, "mean_true": 0.006689437811302663}, "train.accumulative": {"cor": 0.8441773362972114, "r2": 0, "mann-w": 4.260695504803097e-25, "uplift": 57.84092558669312, "mds": 0, "mean_pred": 0.5017217803141232, "mean_true": 0.008526748607564182}, "validation.accumulative": {"cor": 0.7992822166266256, "r2": 0, "mann-w": 3.3184428214986893e-09, "uplift": 74.03443219322571, "mds": 0, "mean_pred": 0.50193816786299, "mean_true": 0.006689437811302663}}