{"train": {"cor": NaN, "r2": 0, "mann-w": 1.1151561462157187e-156, "uplift": 8474.249999999927, "mds": 0, "mean_pred": 0.5000147492625326, "mean_true": 5.899705014749263e-05}, "validation": {"cor": NaN, "r2": 0, "mann-w": 4.498345028758405e-53, "uplift": 8474.249999999927, "mds": 0, "mean_pred": 0.5000147492625326, "mean_true": 5.899705014749263e-05}, "train.accumulative": {"cor": -0.06379396849103344, "r2": 0, "mann-w": 1.0118871767260309e-135, "uplift": 8474.249841940555, "mds": 0, "mean_pred": 0.5000147399374959, "mean_true": 5.899705014749263e-05}, "validation.accumulative": {"cor": -0.14900827839976868, "r2": 0, "mann-w": 3.570612024549484e-46, "uplift": 8474.249805584266, "mds": 0, "mean_pred": 0.5000147377925821, "mean_true": 5.899705014749263e-05}}