{"train": {"cor": NaN, "r2": 0, "mann-w": 9.802276027833707e-78, "uplift": 8474.249999999927, "mds": 0, "mean_pred": 0.5000147492625326, "mean_true": 5.899705014749263e-05}, "validation": {"cor": NaN, "r2": 0, "mann-w": 3.401935486438081e-27, "uplift": 8474.249999999927, "mds": 0, "mean_pred": 0.5000147492625326, "mean_true": 5.899705014749263e-05}, "train.accumulative": {"cor": NaN, "r2": 0, "mann-w": 9.802276027833707e-78, "uplift": 8474.249985250664, "mds": 0, "mean_pred": 0.5000147483923696, "mean_true": 5.899705014749263e-05}, "validation.accumulative": {"cor": NaN, "r2": 0, "mann-w": 3.401935486438081e-27, "uplift": 8474.249985250664, "mds": 0, "mean_pred": 0.5000147483923696, "mean_true": 5.899705014749263e-05}}