	Estimate	p-value
AKAP1	-0.9711782740839805	0.0
ZFP36	0.11457826723419312	0.0
SAMD4A	0.508551227079077	0.0
IGF2BP2	0.12999758120315166	0.0
(Intercept)	-3.4488126346749617	0.0
