{"train": {"cor": 0.19131220855672648, "r2": 0, "mann-w": 5.792534152559343e-121, "uplift": 14.5054958055534, "mds": 0, "mean_pred": 0.501755377970229, "mean_true": 0.03235984094043106}, "validation": {"cor": 0.24777575945742772, "r2": 0, "mann-w": 1.2499689955751659e-42, "uplift": 12.909660787452353, "mds": 0, "mean_pred": 0.5017238844180876, "mean_true": 0.03607017396647684}, "train.accumulative": {"cor": 0.11228305168119662, "r2": 0, "mann-w": 5.83922577254329e-121, "uplift": 14.46187135927173, "mds": 0, "mean_pred": 0.5003436978274397, "mean_true": 0.03235984094043106}, "validation.accumulative": {"cor": 0.22397405069954432, "r2": 0, "mann-w": 1.2499689955751659e-42, "uplift": 12.870413779412237, "mds": 0, "mean_pred": 0.5003082380104169, "mean_true": 0.03607017396647684}}