{"train": {"cor": NaN, "r2": 0, "mann-w": 4.208286432771792e-74, "uplift": 54.16517863931036, "mds": 0, "mean_pred": 0.5022227486789212, "mean_true": 0.009103981190066163}, "validation": {"cor": NaN, "r2": 0, "mann-w": 3.7271696806863126e-26, "uplift": 34.03188708368571, "mds": 0, "mean_pred": 0.5022227486789212, "mean_true": 0.014336160295310083}, "train.accumulative": {"cor": NaN, "r2": 0, "mann-w": 4.208286432771792e-74, "uplift": 54.16514983212877, "mds": 0, "mean_pred": 0.5022224864188819, "mean_true": 0.009103981190066163}, "validation.accumulative": {"cor": NaN, "r2": 0, "mann-w": 3.7271696806863126e-26, "uplift": 34.03186879008171, "mds": 0, "mean_pred": 0.5022224864188819, "mean_true": 0.014336160295310083}}