{"train": {"cor": 0.7908109700081898, "r2": 0, "mann-w": 0.11620893628801476, "uplift": -0.18583190405774352, "mds": 0.8141680959422565, "mean_pred": 0.7035144476957619, "mean_true": 0.8640899234470341}, "validation": {"cor": -0.33711691746876843, "r2": 0, "mann-w": 0.5, "uplift": 0.14892847094823833, "mds": 0.8510715290517616, "mean_pred": 0.6530358952016662, "mean_true": 0.5683869028527946}}