{"train": {"cor": NaN, "r2": 0, "mann-w": 1.2579036657260562e-51, "uplift": -0.257513994729964, "mds": 0.7424860052700359, "mean_pred": 0.7269712705676057, "mean_true": 0.9791043405635804}, "validation": {"cor": NaN, "r2": 0, "mann-w": 1.2696712375275841e-18, "uplift": -0.2531520220586969, "mds": 0.7468479779413031, "mean_pred": 0.7269712705676057, "mean_true": 0.9733858724120967}, "train.accumulative": {"cor": 0.03993465030982015, "r2": 0, "mann-w": 1.9660455104851745e-45, "uplift": -0.2854523884878068, "mds": 0.7145476115121931, "mean_pred": 0.6996166679709274, "mean_true": 0.9791043405635804}, "validation.accumulative": {"cor": -0.06327972675440939, "r2": 0, "mann-w": 1.5850758116620382e-16, "uplift": -0.2648074227352786, "mds": 0.7351925772647214, "mean_pred": 0.7156260682117187, "mean_true": 0.9733858724120967}}