{"train": {"cor": 0.9155148942324773, "r2": 0, "mann-w": 1.5599086840488625e-12, "uplift": -0.2689103138729456, "mds": 0.7310896861270544, "mean_pred": 0.7310465539921797, "mean_true": 0.9999410029498526}, "validation": {"cor": -0.0167416540646537, "r2": 0, "mann-w": 0.0004937435778487428, "uplift": -0.26893277612962113, "mds": 0.7310672238703788, "mean_pred": 0.731024093060711, "mean_true": 0.9999410029498526}}