{"train": {"cor": 0.6417517598392048, "r2": 0, "mann-w": 9.637837827110324e-75, "uplift": 8481.579798266433, "mds": 0, "mean_pred": 0.5004471857380441, "mean_true": 5.899705014744683e-05}, "validation": {"cor": 0.5263840211209362, "r2": 0, "mann-w": 1.0944711855276248e-33, "uplift": 8481.173559978895, "mds": 0, "mean_pred": 0.5004232188774225, "mean_true": 5.899705014744683e-05}, "train.accumulative": {"cor": 0.6417517598392048, "r2": 0, "mann-w": 9.637837827110324e-75, "uplift": 8481.579798266433, "mds": 0, "mean_pred": 0.5004471857380441, "mean_true": 5.899705014744683e-05}, "validation.accumulative": {"cor": 0.5263840211209362, "r2": 0, "mann-w": 1.0944711855276248e-33, "uplift": 8481.173559978895, "mds": 0, "mean_pred": 0.5004232188774225, "mean_true": 5.899705014744683e-05}}