{"train": {"cor": 0.8009197314092491, "r2": 0, "mann-w": 9.401044745343916e-28, "uplift": 8474.250000006507, "mds": 0, "mean_pred": 0.5000147492625326, "mean_true": 5.899705014744683e-05}, "validation": {"cor": 0.41290732148073334, "r2": 0, "mann-w": 1.3038777466944537e-09, "uplift": 8474.263282755963, "mds": 0, "mean_pred": 0.5000155329055683, "mean_true": 5.899705014744683e-05}, "train.accumulative": {"cor": 0.8009197314092491, "r2": 0, "mann-w": 9.401044745343916e-28, "uplift": 8474.250000006507, "mds": 0, "mean_pred": 0.5000147492625326, "mean_true": 5.899705014744683e-05}, "validation.accumulative": {"cor": 0.41290732148073334, "r2": 0, "mann-w": 1.3038777466944537e-09, "uplift": 8474.263282755963, "mds": 0, "mean_pred": 0.5000155329055683, "mean_true": 5.899705014744683e-05}}