{"train": {"cor": NaN, "r2": 0, "mann-w": 2.7562811725986273e-24, "uplift": -0.268622609625863, "mds": 0.731377390374137, "mean_pred": 0.7309492048298541, "mean_true": 0.9994145491097779}, "validation": {"cor": NaN, "r2": 0, "mann-w": 3.930448650704081e-09, "uplift": -0.26836455097095013, "mds": 0.7316354490290499, "mean_pred": 0.7309492048298541, "mean_true": 0.999062040801732}}