{"train": {"cor": NaN, "r2": 0, "mann-w": 1.8616611716608608e-49, "uplift": -0.2678595670387216, "mds": 0.7321404329612784, "mean_pred": 0.7306668098269534, "mean_true": 0.9979872397862735}, "validation": {"cor": NaN, "r2": 0, "mann-w": 2.9248952725489046e-18, "uplift": -0.26929008044327923, "mds": 0.7307099195567208, "mean_pred": 0.7306668098269534, "mean_true": 0.9999410029498526}}