{"train": {"cor": NaN, "r2": 0, "mann-w": 8.1082176759748e-50, "uplift": -0.2567019962571356, "mds": 0.7432980037428645, "mean_pred": 0.7266785330917874, "mean_true": 0.9776409050375624}, "validation": {"cor": NaN, "r2": 0, "mann-w": 2.847602685620908e-18, "uplift": -0.25815078229819016, "mds": 0.7418492177018099, "mean_pred": 0.7266785330917874, "mean_true": 0.9795501777881225}, "train.accumulative": {"cor": -0.15753176002793987, "r2": 0, "mann-w": 7.628674269813174e-44, "uplift": -0.3810863299942073, "mds": 0.6189136700057927, "mean_pred": 0.6050753204845825, "mean_true": 0.9776409050375624}, "validation.accumulative": {"cor": -0.29833195088238607, "r2": 0, "mann-w": 3.239186442128627e-16, "uplift": -0.3969377624496561, "mds": 0.6030622375503438, "mean_pred": 0.5907297220097423, "mean_true": 0.9795501777881225}}