{"train": {"cor": NaN, "r2": 0, "mann-w": 2.7562811725986273e-24, "uplift": 853.2801175571888, "mds": 0, "mean_pred": 0.5001390553229141, "mean_true": 0.0005854508902221208}, "validation": {"cor": NaN, "r2": 0, "mann-w": 3.930448650704081e-09, "uplift": 532.220481494776, "mds": 0, "mean_pred": 0.5001390553229141, "mean_true": 0.0009379591982679946}, "train.accumulative": {"cor": 0.14971877609365902, "r2": 0, "mann-w": 1.7329043497541717e-21, "uplift": 853.2798327864556, "mds": 0, "mean_pred": 0.5001388886036349, "mean_true": 0.0005854508902221208}, "validation.accumulative": {"cor": 0.3760924245588145, "r2": 0, "mann-w": 3.350188180582478e-08, "uplift": 532.2203009292926, "mds": 0, "mean_pred": 0.5001388859598581, "mean_true": 0.0009379591982679946}}