{"train": {"cor": 0.6417517598392048, "r2": 0, "mann-w": 8.228106761263501e-36, "uplift": -0.26925014297796623, "mds": 0.7307498570220338, "mean_pred": 0.7307067449360738, "mean_true": 0.9999410029498526}, "validation": {"cor": 0.5263840211209361, "r2": 0, "mann-w": 2.790764062469325e-16, "uplift": -0.2692312779501373, "mds": 0.7307687220498627, "mean_pred": 0.7307256088509217, "mean_true": 0.9999410029498526}}