{"train": {"cor": 0.831941562302039, "r2": 0, "mann-w": 1.6874535697716041e-31, "uplift": -0.2689116767666672, "mds": 0.7310883232333327, "mean_pred": 0.7310451911788648, "mean_true": 0.9999410029498526}, "validation": {"cor": 0.5257439707421229, "r2": 0, "mann-w": 2.1978250026783483e-08, "uplift": -0.2689440810474956, "mds": 0.7310559189525043, "mean_pred": 0.7310127888097934, "mean_true": 0.9999410029498526}}