{"train": {"cor": 0.5016558453426101, "r2": 0, "mann-w": 1.2587058163860514e-97, "uplift": -0.22350107384225287, "mds": 0.7764989261577471, "mean_pred": 0.7171349863745187, "mean_true": 0.9235492313209348}, "validation": {"cor": 0.4676250130631877, "r2": 0, "mann-w": 1.2749738903246697e-29, "uplift": -0.23182186951289707, "mds": 0.7681781304871029, "mean_pred": 0.7164856868224513, "mean_true": 0.9327077384618156}}