{"train": {"cor": 0.4179949219878493, "r2": 0, "mann-w": 9.790480799794769e-83, "uplift": 25.91211445258546, "mds": 0, "mean_pred": 0.5035248403854314, "mean_true": 0.018709969492458723}, "validation": {"cor": 0.35199209912088136, "r2": 0, "mann-w": 2.257171561452186e-29, "uplift": 24.558448843173878, "mds": 0, "mean_pred": 0.5027437881442716, "mean_true": 0.019670356023133377}, "train.accumulative": {"cor": 0.4179949219878493, "r2": 0, "mann-w": 9.790480799794769e-83, "uplift": 25.912103338281096, "mds": 0, "mean_pred": 0.5035246324371359, "mean_true": 0.018709969492458723}, "validation.accumulative": {"cor": 0.35199209912088136, "r2": 0, "mann-w": 2.257171561452186e-29, "uplift": 24.55844061392998, "mds": 0, "mean_pred": 0.5027436262721143, "mean_true": 0.019670356023133377}}