	Estimate	p-value
YBX2	2.168580159363545	0.0
HNRNPAB	1.9725202810272	0.0
RBM42	3.897602322609573	0.0
CFTR	-0.8260000609190741	0.0
ZFP36L2	0.9360841039516028	0.0
RBMS3	-2.5990246986191097	0.0
SNRPA	0.5091666033247111	0.0
(Intercept)	-41.45800781571219	0.0
