{"train": {"cor": 0.7922841117649653, "r2": 0, "mann-w": 3.820575595646406e-08, "uplift": 28.810194009218474, "mds": 0, "mean_pred": 0.5004891100524149, "mean_true": 0.016789193317482073}, "validation": {"cor": -0.06988862251019176, "r2": 0, "mann-w": 0.0002047300544265788, "uplift": 21.078904155944777, "mds": 0, "mean_pred": 0.5076954291060842, "mean_true": 0.02299459364107011}, "train.accumulative": {"cor": 0.38249942221759436, "r2": 0, "mann-w": 3.820575595646406e-08, "uplift": 28.802157927974108, "mds": 0, "mean_pred": 0.5003541907308883, "mean_true": 0.016789193317482073}, "validation.accumulative": {"cor": 0.0399514905702489, "r2": 0, "mann-w": 0.0002047300544265788, "uplift": 20.915237546858496, "mds": 0, "mean_pred": 0.5039319819375333, "mean_true": 0.02299459364107011}}