{"train": {"cor": NaN, "r2": 0, "mann-w": 7.366609477419226e-138, "uplift": 68.34238603851063, "mds": 0, "mean_pred": 0.5017437123190135, "mean_true": 0.007235743402893008}, "validation": {"cor": NaN, "r2": 0, "mann-w": 3.7650138155186557e-47, "uplift": 88.9158967995031, "mds": 0, "mean_pred": 0.5017437123190135, "mean_true": 0.005580144670500426}, "train.accumulative": {"cor": NaN, "r2": 0, "mann-w": 7.366609477419226e-138, "uplift": 68.34237182116716, "mds": 0, "mean_pred": 0.5017436094459643, "mean_true": 0.007235743402893008}, "validation.accumulative": {"cor": NaN, "r2": 0, "mann-w": 3.7650138155186557e-47, "uplift": 88.91587836395075, "mds": 0, "mean_pred": 0.5017436094459643, "mean_true": 0.005580144670500426}}