{"train": {"cor": 0.725048411366345, "r2": 0, "mann-w": 7.06048220911572e-18, "uplift": -0.2638428645167778, "mds": 0.7361571354832221, "mean_pred": 0.7291950181664475, "mean_true": 0.9905426206156316}, "validation": {"cor": 0.05234006882043135, "r2": 0, "mann-w": 6.838320219179815e-06, "uplift": -0.2677017013269958, "mds": 0.7322982986730042, "mean_pred": 0.7305144165742553, "mean_true": 0.9975639952981162}, "train.accumulative": {"cor": 0.001253754848962077, "r2": 0, "mann-w": 1.0429869436546467e-17, "uplift": -0.4150943509696891, "mds": 0.5849056490303108, "mean_pred": 0.579373974403371, "mean_true": 0.9905426206156316}, "validation.accumulative": {"cor": -0.2747698765583342, "r2": 0, "mann-w": 1.3604868136903124e-06, "uplift": -0.47934395401795016, "mds": 0.5206560459820498, "mean_pred": 0.5193877254059733, "mean_true": 0.9975639952981162}}