{"train": {"cor": NaN, "r2": 0, "mann-w": 2.0999221091595516e-28, "uplift": 20.370187076422184, "mds": 0, "mean_pred": 0.5059182285014534, "mean_true": 0.02367401963736832}, "validation": {"cor": NaN, "r2": 0, "mann-w": 2.828778722306536e-10, "uplift": 32.368615285036775, "mds": 0, "mean_pred": 0.5059182285014534, "mean_true": 0.015161499036740621}, "train.accumulative": {"cor": 0.10658010604921363, "r2": 0, "mann-w": 4.260695504803097e-25, "uplift": 20.366519630548858, "mds": 0, "mean_pred": 0.5058314053158294, "mean_true": 0.02367401963736832}, "validation.accumulative": {"cor": 0.5473473927075051, "r2": 0, "mann-w": 3.3184428214986893e-09, "uplift": 32.36097750732961, "mds": 0, "mean_pred": 0.5058024283421034, "mean_true": 0.015161499036740621}}