{"train": {"cor": 0.36402889101179553, "r2": 0, "mann-w": 3.553886263268783e-68, "uplift": -0.25780653030276635, "mds": 0.7421934696972337, "mean_pred": 0.7295849978657221, "mean_true": 0.9830118798584215}, "validation": {"cor": 0.1880741306373779, "r2": 0, "mann-w": 4.0491918701108573e-25, "uplift": -0.2564494791072062, "mds": 0.7435505208927937, "mean_pred": 0.7302326118284875, "mean_true": 0.9820887637220465}, "train.accumulative": {"cor": -0.0052407584270135225, "r2": 0, "mann-w": 5.75804442561795e-69, "uplift": -0.287928944257195, "mds": 0.7120710557428049, "mean_pred": 0.6999743070985056, "mean_true": 0.9830118798584215}, "validation.accumulative": {"cor": 0.16824723360668495, "r2": 0, "mann-w": 4.0491918701108573e-25, "uplift": -0.2812849029098325, "mds": 0.7187150970901675, "mean_pred": 0.7058420211696532, "mean_true": 0.9820887637220465}}