{"train": {"cor": 0.5607845633956545, "r2": 0, "mann-w": 5.138812758572185e-16, "uplift": -0.24212179817440624, "mds": 0.7578782018255937, "mean_pred": 0.725711833441069, "mean_true": 0.9575573379640137}, "validation": {"cor": 0.5939748064203751, "r2": 0, "mann-w": 7.278229161801852e-05, "uplift": -0.22705214679298794, "mds": 0.7729478532070121, "mean_pred": 0.7125000705742609, "mean_true": 0.921795781718069}}