{"train": {"cor": NaN, "r2": 0, "mann-w": 5.995886878184679e-51, "uplift": 247.66246717752043, "mds": 0, "mean_pred": 0.500497920581979, "mean_true": 0.0020127602137264763}, "validation": {"cor": NaN, "r2": 0, "mann-w": 2.9248952725489046e-18, "uplift": 8482.439753864544, "mds": 0, "mean_pred": 0.500497920581979, "mean_true": 5.899705014749263e-05}, "train.accumulative": {"cor": -0.0867965214435624, "r2": 0, "mann-w": 8.636206722836279e-45, "uplift": 247.66235573513728, "mds": 0, "mean_pred": 0.500497696275184, "mean_true": 0.0020127602137264763}, "validation.accumulative": {"cor": 0.1900445363807358, "r2": 0, "mann-w": 4.032657586625198e-16, "uplift": 8482.430409992998, "mds": 0, "mean_pred": 0.5004973693211208, "mean_true": 5.899705014749263e-05}}