{"train": {"cor": NaN, "r2": 0, "mann-w": 7.153127186657326e-138, "uplift": -0.25379091721630875, "mds": 0.7462090827836912, "mean_pred": 0.7256020541168051, "mean_true": 0.9723843770568796}, "validation": {"cor": NaN, "r2": 0, "mann-w": 3.7393748492812317e-47, "uplift": -0.2563493603475871, "mds": 0.743650639652413, "mean_pred": 0.7256020541168051, "mean_true": 0.9757297518845088}, "train.accumulative": {"cor": -0.17776901156744504, "r2": 0, "mann-w": 6.395075972698787e-121, "uplift": -0.32382575344252645, "mds": 0.6761742465574736, "mean_pred": 0.6575012735206939, "mean_true": 0.9723843770568796}, "validation.accumulative": {"cor": -0.11429619178610047, "r2": 0, "mann-w": 1.628235259234258e-41, "uplift": -0.32954014994755143, "mds": 0.6704598500524486, "mean_pred": 0.6541876231402006, "mean_true": 0.9757297518845088}}