{"train": {"cor": NaN, "r2": 0, "mann-w": 9.768538418807499e-72, "uplift": -0.2680090229661642, "mds": 0.7319909770338358, "mean_pred": 0.7307231729520872, "mean_true": 0.9982680058613755}, "validation": {"cor": NaN, "r2": 0, "mann-w": 7.719403312124461e-26, "uplift": -0.2673410383941604, "mds": 0.7326589616058397, "mean_pred": 0.7307231729520872, "mean_true": 0.9973578584918834}}