{"train": {"cor": 0.7789877802298493, "r2": 0, "mann-w": 1.4316915887508296e-44, "uplift": 8474.29908559852, "mds": 0, "mean_pred": 0.5000176451676662, "mean_true": 5.899705014744683e-05}, "validation": {"cor": 0.005519029783489917, "r2": 0, "mann-w": 1.8824452332265772e-17, "uplift": 8474.382378020377, "mds": 0, "mean_pred": 0.5000225591748553, "mean_true": 5.899705014744683e-05}, "train.accumulative": {"cor": 0.7789877802298493, "r2": 0, "mann-w": 1.4316915887508296e-44, "uplift": 8474.29908559852, "mds": 0, "mean_pred": 0.5000176451676662, "mean_true": 5.899705014744683e-05}, "validation.accumulative": {"cor": 0.005519029783489917, "r2": 0, "mann-w": 1.8824452332265772e-17, "uplift": 8474.382378020377, "mds": 0, "mean_pred": 0.5000225591748553, "mean_true": 5.899705014744683e-05}}