{"train": {"cor": 0.6090003215428887, "r2": 0, "mann-w": 2.525439992584239e-116, "uplift": 4.586367250032844, "mds": 0, "mean_pred": 0.5215952698365592, "mean_true": 0.09336931255879974}, "validation": {"cor": 0.4298491992655075, "r2": 0, "mann-w": 3.4328030320866593e-40, "uplift": 5.299957989857487, "mds": 0, "mean_pred": 0.5207764715259093, "mean_true": 0.08266348321120948}, "train.accumulative": {"cor": 0.6090003215428886, "r2": 0, "mann-w": 2.525439992584239e-116, "uplift": 4.586353621654775, "mds": 0, "mean_pred": 0.5215939973642676, "mean_true": 0.09336931255879974}, "validation.accumulative": {"cor": 0.4298491992655074, "r2": 0, "mann-w": 3.4328030320866593e-40, "uplift": 5.29994317873215, "mds": 0, "mean_pred": 0.5207752471866988, "mean_true": 0.08266348321120948}}