{"train": {"cor": 0.7740759726401856, "r2": 0, "mann-w": 0.06153262071766827, "uplift": -0.06129473660119413, "mds": 0.9387052633988059, "mean_pred": 0.7036751749662593, "mean_true": 0.749623127091496}, "validation": {"cor": 0.5170983794406382, "r2": 0, "mann-w": 0.09957892159762316, "uplift": -0.07136588749838489, "mds": 0.9286341125016151, "mean_pred": 0.7199129706439991, "mean_true": 0.7752385583861986}}