{"train": {"cor": NaN, "r2": 0, "mann-w": 0.0, "uplift": -0.25779367160709854, "mds": 0.7422063283929015, "mean_pred": 0.7270539446957717, "mean_true": 0.9795846746147541}, "validation": {"cor": NaN, "r2": 0, "mann-w": 0.0, "uplift": -0.25737008745656503, "mds": 0.742629912543435, "mean_pred": 0.7270539446957717, "mean_true": 0.9790259352813878}, "train.accumulative": {"cor": -0.0039035714802735334, "r2": 0, "mann-w": 0.0, "uplift": -0.33552329570284817, "mds": 0.6644767042971518, "mean_pred": 0.6509111961680096, "mean_true": 0.9795846746147541}, "validation.accumulative": {"cor": -0.02462667521639018, "r2": 0, "mann-w": 0.0, "uplift": -0.336024624250856, "mds": 0.663975375749144, "mean_pred": 0.6500491132466166, "mean_true": 0.9790259352813878}}