{"train": {"cor": NaN, "r2": 0, "mann-w": 9.063307669069625e-27, "uplift": 8474.249999999927, "mds": 0, "mean_pred": 0.5000147492625326, "mean_true": 5.899705014749263e-05}, "validation": {"cor": NaN, "r2": 0, "mann-w": 2.341341179371028e-10, "uplift": 8474.249999999927, "mds": 0, "mean_pred": 0.5000147492625326, "mean_true": 5.899705014749263e-05}, "train.accumulative": {"cor": 0.15937371028383399, "r2": 0, "mann-w": 9.362502212564706e-24, "uplift": 8474.249985250664, "mds": 0, "mean_pred": 0.5000147483923696, "mean_true": 5.899705014749263e-05}, "validation.accumulative": {"cor": NaN, "r2": 0, "mann-w": 4.003272516972358e-09, "uplift": 8474.249963309941, "mds": 0, "mean_pred": 0.5000147470979317, "mean_true": 5.899705014749263e-05}}