{"train": {"cor": 0.5553923780022804, "r2": 0, "mann-w": 1.3735118340244133e-29, "uplift": 0.2797928648562419, "mds": 0.7202071351437581, "mean_pred": 0.6066295663750118, "mean_true": 0.4740060544431571}, "validation": {"cor": 0.3417012528604991, "r2": 0, "mann-w": 1.1526083177690082e-05, "uplift": 0.23927683062719626, "mds": 0.7607231693728037, "mean_pred": 0.6114318186757977, "mean_true": 0.4933779148976366}, "train.accumulative": {"cor": 0.49709860779964915, "r2": 0, "mann-w": 2.2602066133845556e-21, "uplift": 0.22555627458803093, "mds": 0.774443725411969, "mean_pred": 0.580921094215527, "mean_true": 0.4740060544431571}, "validation.accumulative": {"cor": 0.2284558405381236, "r2": 0, "mann-w": 0.0005177526429351408, "uplift": 0.18051801155896113, "mds": 0.8194819884410389, "mean_pred": 0.5824415150420643, "mean_true": 0.4933779148976366}}