{"train": {"cor": NaN, "r2": 0, "mann-w": 3.2611341101217513e-138, "uplift": -0.26719204037245436, "mds": 0.7328079596275456, "mean_pred": 0.7304192528673106, "mean_true": 0.9967403373164108}, "validation": {"cor": NaN, "r2": 0, "mann-w": 3.872414883950295e-47, "uplift": -0.2673498210486409, "mds": 0.7326501789513591, "mean_pred": 0.7304192528673106, "mean_true": 0.996954991415901}}