	Estimate	p-value
ESRP2	0.6649315611783284	0.0
RBM24	-0.5812083775488348	0.0
ESRP1	1.1392540553455095	0.0
IFIH1	-0.2753147266671149	0.0
GRN	0.6434021684519412	0.0
SNRNP70	-0.8508416038284407	0.0
DHX58	0.5036138919642631	0.0
IGF2BP2	0.2642418617571849	0.0
OAS1	0.08661651972157158	0.0
(Intercept)	-8.244779809068735	0.0
