{"train": {"cor": 0.5950606910306191, "r2": 0, "mann-w": 5.072223315460915e-11, "uplift": 12.434909907078968, "mds": 0, "mean_pred": 0.5086300942644066, "mean_true": 0.03785883923169482}, "validation": {"cor": 0.5837713921349995, "r2": 0, "mann-w": 4.235320866665258e-05, "uplift": 19.927951167993967, "mds": 0, "mean_pred": 0.5043575755646853, "mean_true": 0.024099711028379187}, "train.accumulative": {"cor": 0.5962945703489352, "r2": 0, "mann-w": 6.096216901619715e-11, "uplift": 12.432532374095562, "mds": 0, "mean_pred": 0.5085400836254198, "mean_true": 0.03785883923169482}, "validation.accumulative": {"cor": 0.588648815079939, "r2": 0, "mann-w": 4.235320866665258e-05, "uplift": 19.92625889598021, "mds": 0, "mean_pred": 0.5043167922981724, "mean_true": 0.024099711028379187}}