{"train": {"cor": NaN, "r2": 0, "mann-w": 9.21273253365279e-144, "uplift": -0.26872648340798017, "mds": 0.7312735165920199, "mean_pred": 0.7309801359599101, "mean_true": 0.999598808618864}, "validation": {"cor": NaN, "r2": 0, "mann-w": 6.055634539440293e-49, "uplift": -0.2686850693617804, "mds": 0.7313149306382196, "mean_pred": 0.7309801359599101, "mean_true": 0.9995422017734311}}