{"train": {"cor": NaN, "r2": 0, "mann-w": 6.285345609731326e-73, "uplift": -0.2675448873642518, "mds": 0.7324551126357481, "mean_pred": 0.7305563011459696, "mean_true": 0.997407607023254}, "validation": {"cor": NaN, "r2": 0, "mann-w": 8.940561423844777e-26, "uplift": -0.26743931215322175, "mds": 0.7325606878467783, "mean_pred": 0.7305563011459696, "mean_true": 0.9972638625931455}}