{"train": {"cor": 0.42236496366761067, "r2": 0, "mann-w": 4.5510973671221125e-113, "uplift": -0.26892264742699895, "mds": 0.731077352573001, "mean_pred": 0.7310342211657697, "mean_true": 0.9999410029498526}, "validation": {"cor": 0.44752239902253516, "r2": 0, "mann-w": 1.497284673113675e-35, "uplift": -0.2689233486204149, "mds": 0.7310766513795851, "mean_pred": 0.731033520013722, "mean_true": 0.9999410029498526}}