{"train": {"cor": NaN, "r2": 0, "mann-w": 4.151644930483588e-37, "uplift": 8474.249999999927, "mds": 0, "mean_pred": 0.5000147492625326, "mean_true": 5.899705014749263e-05}, "validation": {"cor": NaN, "r2": 0, "mann-w": 4.300118631375343e-13, "uplift": 8474.249999999927, "mds": 0, "mean_pred": 0.5000147492625326, "mean_true": 5.899705014749263e-05}, "train.accumulative": {"cor": 0.08990672509078729, "r2": 0, "mann-w": 1.7010900847430875e-32, "uplift": 8474.249969839639, "mds": 0, "mean_pred": 0.5000147474831645, "mean_true": 5.899705014749263e-05}, "validation.accumulative": {"cor": -0.3054536159431643, "r2": 0, "mann-w": 1.2842755899509051e-11, "uplift": 8474.24643673202, "mds": 0, "mean_pred": 0.5000145390402373, "mean_true": 5.899705014749263e-05}}