{"train": {"cor": NaN, "r2": 0, "mann-w": 2.9503808396990825e-51, "uplift": -0.26496064998480384, "mds": 0.7350393500151962, "mean_pred": 0.729633853265096, "mean_true": 0.9926459763684918}, "validation": {"cor": NaN, "r2": 0, "mann-w": 3.02745049692242e-18, "uplift": -0.26172594939051985, "mds": 0.7382740506094801, "mean_pred": 0.729633853265096, "mean_true": 0.9882967614299172}}