{"train": {"cor": NaN, "r2": 0, "mann-w": 5.603435230784893e-78, "uplift": 24.08141264112429, "mds": 0, "mean_pred": 0.5049986476845346, "mean_true": 0.02013437819114393}, "validation": {"cor": NaN, "r2": 0, "mann-w": 1.8529580405880717e-27, "uplift": 24.08832478984273, "mds": 0, "mean_pred": 0.5049986476845346, "mean_true": 0.02012883091696057}, "train.accumulative": {"cor": 0.357327297780465, "r2": 0, "mann-w": 1.9416032710194003e-68, "uplift": 23.895737828803025, "mds": 0, "mean_pred": 0.5012602007926885, "mean_true": 0.02013437819114393}, "validation.accumulative": {"cor": 0.3666328407400953, "r2": 0, "mann-w": 3.0045849600165283e-24, "uplift": 23.894001349289024, "mds": 0, "mean_pred": 0.5010871440064271, "mean_true": 0.02012883091696057}}