{"train": {"cor": NaN, "r2": 0, "mann-w": 2.8508083010644643e-24, "uplift": -0.2683805409474044, "mds": 0.7316194590525956, "mean_pred": 0.7308530793997602, "mean_true": 0.9989524886970231}, "validation": {"cor": NaN, "r2": 0, "mann-w": 4.003272516972358e-09, "uplift": -0.2683321254404451, "mds": 0.7316678745595548, "mean_pred": 0.7308530793997602, "mean_true": 0.9988863865858738}}