{"train": {"cor": 0.47525418107362033, "r2": 0, "mann-w": 0.0, "uplift": 8474.820423132249, "mds": 0, "mean_pred": 0.5000484025442873, "mean_true": 5.899705014744683e-05}, "validation": {"cor": 0.45061032814392005, "r2": 0, "mann-w": 0.0, "uplift": 8474.871596963096, "mds": 0, "mean_pred": 0.500051421649352, "mean_true": 5.899705014744683e-05}, "train.accumulative": {"cor": 0.47525418107362033, "r2": 0, "mann-w": 0.0, "uplift": 8474.820423132249, "mds": 0, "mean_pred": 0.5000484025442873, "mean_true": 5.899705014744683e-05}, "validation.accumulative": {"cor": 0.45061032814392005, "r2": 0, "mann-w": 0.0, "uplift": 8474.871596963096, "mds": 0, "mean_pred": 0.500051421649352, "mean_true": 5.899705014744683e-05}}