{"train": {"cor": 0.4859522347721763, "r2": 0, "mann-w": 3.671050220155161e-26, "uplift": -0.26008241812592875, "mds": 0.7399175818740713, "mean_pred": 0.730419998479504, "mean_true": 0.9871639982246243}, "validation": {"cor": 0.1053554052399963, "r2": 0, "mann-w": 4.1638758407902914e-10, "uplift": -0.26011805784645253, "mds": 0.7398819421535474, "mean_pred": 0.7305395243329951, "mean_true": 0.9873730965870585}}