{"train": {"cor": 0.754534878434938, "r2": 0, "mann-w": 2.2981061403773653e-38, "uplift": 3.990466812389421, "mds": 0, "mean_pred": 0.527384436361743, "mean_true": 0.1056783776324189}, "validation": {"cor": 0.4726894906971723, "r2": 0, "mann-w": 3.0934227142032407e-12, "uplift": 4.192626022473263, "mds": 0, "mean_pred": 0.5196277365466009, "mean_true": 0.10007031785029277}, "train.accumulative": {"cor": 0.7545348784349382, "r2": 0, "mann-w": 2.2981061403773653e-38, "uplift": 3.990451555072422, "mds": 0, "mean_pred": 0.5273828239932355, "mean_true": 0.1056783776324189}, "validation.accumulative": {"cor": 0.4726894906971723, "r2": 0, "mann-w": 3.0934227142032407e-12, "uplift": 4.192614462717899, "mds": 0, "mean_pred": 0.5196265797582074, "mean_true": 0.10007031785029277}}