{"train": {"cor": NaN, "r2": 0, "mann-w": 7.512629062545127e-51, "uplift": 985.9622605944412, "mds": 0, "mean_pred": 0.5001217731886325, "mean_true": 0.000506728365568317}, "validation": {"cor": NaN, "r2": 0, "mann-w": 7.797786598780858e-19, "uplift": 891.4062277040463, "mds": 0, "mean_pred": 0.5001217731886325, "mean_true": 0.0005604194117687071}, "train.accumulative": {"cor": -0.0667473463751436, "r2": 0, "mann-w": 1.1246594494279617e-44, "uplift": 985.9295195324179, "mds": 0, "mean_pred": 0.5001051823637864, "mean_true": 0.000506728365568317}, "validation.accumulative": {"cor": 0.28362779669378924, "r2": 0, "mann-w": 1.0912080178912475e-16, "uplift": 891.393804095115, "mds": 0, "mean_pred": 0.5001148107570231, "mean_true": 0.0005604194117687071}}