{"train": {"cor": 0.5720882454811129, "r2": 0, "mann-w": 5.743817634952307e-15, "uplift": 0.4239842414853022, "mds": 0.5760157585146978, "mean_pred": 0.598840782061491, "mean_true": 0.4205389109059688}, "validation": {"cor": 0.4864190750676973, "r2": 0, "mann-w": 8.50024371278093e-08, "uplift": 0.44360271913122384, "mds": 0.5563972808687762, "mean_pred": 0.5994830483676026, "mean_true": 0.41526871654022524}, "train.accumulative": {"cor": 0.5673916389877732, "r2": 0, "mann-w": 8.438501443410263e-14, "uplift": 0.4046149439571127, "mds": 0.5953850560428873, "mean_pred": 0.5906952387739726, "mean_true": 0.4205389109059688}, "validation.accumulative": {"cor": 0.4421358582669104, "r2": 0, "mann-w": 3.3591240217144844e-07, "uplift": 0.4213032021283, "mds": 0.5786967978716999, "mean_pred": 0.5902227565623315, "mean_true": 0.41526871654022524}}